Symbol,Name,LastSale,MarketCap,IPOyear,Sector,industry,Summary Quote,
YI,"111, Inc.",9.9,n/a,2018,Health Care,Medical/Nursing Services,https://www.nasdaq.com/symbol/yi,
PIH,"1347 Property Insurance Holdings, Inc.",5.73,$34.29M,2014,Finance,Property-Casualty Insurers,https://www.nasdaq.com/symbol/pih,
PIHPP,"1347 Property Insurance Holdings, Inc.",24.9,n/a,n/a,Finance,Property-Casualty Insurers,https://www.nasdaq.com/symbol/pihpp,
TURN,180 Degree Capital Corp.,2.01,$62.55M,n/a,Finance,Finance/Investors Services,https://www.nasdaq.com/symbol/turn,
FLWS,"1-800 FLOWERS.COM, Inc.",12.98,$834.05M,1999,Consumer Services,Other Specialty Stores,https://www.nasdaq.com/symbol/flws,
FCCY,1st Constitution Bancorp (NJ),20.14,$169.26M,n/a,Finance,Savings Institutions,https://www.nasdaq.com/symbol/fccy,
SRCE,1st Source Corporation,47.31,$1.23B,n/a,Finance,Major Banks,https://www.nasdaq.com/symbol/srce,
VNET,"21Vianet Group, Inc.",10.27,$1.15B,2011,Technology,"Computer Software: Programming, Data Processing",https://www.nasdaq.com/symbol/vnet,
XXII,"22nd Century Group, Inc",2.57,$319.71M,n/a,Consumer Non-Durables,Farming/Seeds/Milling,https://www.nasdaq.com/symbol/xxii,
TWOU,"2U, Inc.",52.51,$3.04B,2014,Technology,Computer Software: Prepackaged Software,https://www.nasdaq.com/symbol/twou,
DDD,3D Systems Corporation,12.78,$1.46B,n/a,Technology,Computer Software: Prepackaged Software,https://www.nasdaq.com/symbol/ddd,
MMM,3M Company,197.04,$114.73B,n/a,Health Care,Medical/Dental Instruments,https://www.nasdaq.com/symbol/mmm,
TPNL,"3PEA International, Inc.",3.82,$166.82M,n/a,Miscellaneous,Business Services,https://www.nasdaq.com/symbol/tpnl,
WBAI,500.com Limited,7.82,$332.24M,2013,Consumer Services,Services-Misc. Amusement & Recreation,https://www.nasdaq.com/symbol/wbai,
JOBS,"51job, Inc.",65.88,$4.07B,2004,Technology,Diversified Commercial Services,https://www.nasdaq.com/symbol/jobs,
WUBA,58.com Inc.,57.17,$8.43B,2013,Technology,"Computer Software: Programming, Data Processing",https://www.nasdaq.com/symbol/wuba,
EGHT,8x8 Inc,18.03,$1.72B,n/a,Technology,EDP Services,https://www.nasdaq.com/symbol/eght,
AHC,A.H. Belo Corporation,4.52,$97.83M,n/a,Consumer Services,Newspapers/Magazines,https://www.nasdaq.com/symbol/ahc,
ATEN,"A10 Networks, Inc.",6.21,$458.29M,2014,Technology,Computer Communications Equipment,https://www.nasdaq.com/symbol/aten,
AAC,"AAC Holdings, Inc.",2.76,$67.9M,2014,Health Care,Medical Specialities,https://www.nasdaq.com/symbol/aac,
AAON,"AAON, Inc.",42.94,$2.24B,n/a,Capital Goods,Industrial Machinery/Components,https://www.nasdaq.com/symbol/aaon,
AIR,AAR Corp.,47.61,$1.67B,n/a,Capital Goods,Aerospace,https://www.nasdaq.com/symbol/air,
AAN,"Aaron&#39;s,  Inc.",49.06,$3.56B,n/a,Technology,Diversified Commercial Services,https://www.nasdaq.com/symbol/aan,
ABB,ABB Ltd,19.58,$41.74B,n/a,Consumer Durables,Electrical Products,https://www.nasdaq.com/symbol/abb,
ABT,Abbott Laboratories,70.56,$123.93B,n/a,Health Care,Major Pharmaceuticals,https://www.nasdaq.com/symbol/abt,
ABBV,AbbVie Inc.,89.69,$134.91B,2012,Health Care,Major Pharmaceuticals,https://www.nasdaq.com/symbol/abbv,
ABEO,Abeona Therapeutics Inc.,7.71,$369.64M,n/a,Health Care,Major Pharmaceuticals,https://www.nasdaq.com/symbol/abeo,
ABEOW,Abeona Therapeutics Inc.,3.67,n/a,n/a,Health Care,Major Pharmaceuticals,https://www.nasdaq.com/symbol/abeow,
ANF,Abercrombie & Fitch Company,19.22,$1.28B,n/a,Consumer Services,Clothing/Shoe/Accessory Stores,https://www.nasdaq.com/symbol/anf,
FAX,Aberdeen Asia-Pacific Income Fund Inc,4.03,$1.02B,1986,n/a,n/a,https://www.nasdaq.com/symbol/fax,
IAF,Aberdeen Australia Equity Fund Inc,5.24,$119.17M,n/a,n/a,n/a,https://www.nasdaq.com/symbol/iaf,
AEF,"Aberdeen Emerging Markets Equity Income Fund, Inc.",6.43,$389.01M,n/a,n/a,n/a,https://www.nasdaq.com/symbol/aef,
AGD,Aberdeen Global Dynamic Dividend Fund,9.33,$117.09M,2006,n/a,n/a,https://www.nasdaq.com/symbol/agd,
FCO,"Aberdeen Global Income Fund, Inc.",8.44,$73.64M,1992,n/a,n/a,https://www.nasdaq.com/symbol/fco,
AWP,Aberdeen Global Premier Properties Fund,5.59,$477.43M,2007,n/a,n/a,https://www.nasdaq.com/symbol/awp,
ACP,Aberdeen Income Credit Strategies Fund,12.9311,$169.06M,2011,n/a,n/a,https://www.nasdaq.com/symbol/acp,
JEQ,"Aberdeen Japan Equity Fund, Inc. ",7.466,$99.96M,1992,n/a,n/a,https://www.nasdaq.com/symbol/jeq,
AOD,Aberdeen Total Dynamic Dividend Fund,8.13,$874.73M,2007,n/a,n/a,https://www.nasdaq.com/symbol/aod,
ABIL,Ability Inc.,2.99,$9.88M,2014,Consumer Durables,Telecommunications Equipment,https://www.nasdaq.com/symbol/abil,
ABMD,"ABIOMED, Inc.",337.86,$15.22B,n/a,Health Care,Medical/Dental Instruments,https://www.nasdaq.com/symbol/abmd,
ABM,ABM Industries Incorporated,30.62,$2.02B,n/a,Finance,Diversified Commercial Services,https://www.nasdaq.com/symbol/abm,
AXAS,Abraxas Petroleum Corporation,1.68,$280.08M,n/a,Energy,Oil & Gas Production,https://www.nasdaq.com/symbol/axas,
ACIU,AC Immune SA,8.66,$583.36M,2016,Health Care,Major Pharmaceuticals,https://www.nasdaq.com/symbol/aciu,
ACIA,"Acacia Communications, Inc.",43.28,$1.75B,2016,Technology,Semiconductors,https://www.nasdaq.com/symbol/acia,
ACTG,Acacia Research Corporation,3.19,$157.89M,n/a,Miscellaneous,Multi-Sector Companies,https://www.nasdaq.com/symbol/actg,
ACHC,"Acadia Healthcare Company, Inc.",41.94,$3.7B,n/a,Health Care,Medical Specialities,https://www.nasdaq.com/symbol/achc,
ACAD,ACADIA Pharmaceuticals Inc.,18.86,$2.36B,1985,Health Care,Major Pharmaceuticals,https://www.nasdaq.com/symbol/acad,
AKR,Acadia Realty Trust,28.69,$2.34B,n/a,Consumer Services,Real Estate Investment Trusts,https://www.nasdaq.com/symbol/akr,
ACST,"Acasti Pharma, Inc.",0.85,$66.41M,n/a,Health Care,Major Pharmaceuticals,https://www.nasdaq.com/symbol/acst,
AXDX,"Accelerate Diagnostics, Inc.",14.49,$785.34M,n/a,Capital Goods,Biotechnology: Laboratory Analytical Instruments,https://www.nasdaq.com/symbol/axdx,
XLRN,Acceleron Pharma Inc.,51.64,$2.39B,2013,Health Care,Biotechnology: Biological Products (No Diagnostic Substances),https://www.nasdaq.com/symbol/xlrn,
ACN,Accenture plc,162.44,$103.8B,2001,Miscellaneous,Business Services,https://www.nasdaq.com/symbol/acn,
ANCX,Access National Corporation,26.32,$547.39M,n/a,Finance,Savings Institutions,https://www.nasdaq.com/symbol/ancx,
ACCO,Acco Brands Corporation,8.22,$844.52M,n/a,Consumer Durables,Publishing,https://www.nasdaq.com/symbol/acco,
ARAY,Accuray Incorporated,4.76,$412.5M,2007,Health Care,Medical/Dental Instruments,https://www.nasdaq.com/symbol/aray,
ACRX,"AcelRx Pharmaceuticals, Inc.",3.25,$201.2M,2011,Health Care,Major Pharmaceuticals,https://www.nasdaq.com/symbol/acrx,
ACER,Acer Therapeutics Inc.,24.18,$243.08M,n/a,Health Care,Major Pharmaceuticals,https://www.nasdaq.com/symbol/acer,
ACET,Aceto Corporation,1.73,$53.28M,n/a,Health Care,Other Pharmaceuticals,https://www.nasdaq.com/symbol/acet,
AKAO,"Achaogen, Inc.",2,$90.42M,2014,Health Care,Major Pharmaceuticals,https://www.nasdaq.com/symbol/akao,
ACHV,"Achieve Life Sciences, Inc. ",1.95,$13.11M,n/a,Health Care,Biotechnology: In Vitro & In Vivo Diagnostic Substances,https://www.nasdaq.com/symbol/achv,
ACHN,"Achillion Pharmaceuticals, Inc.",2.72,$377.04M,2006,Health Care,Major Pharmaceuticals,https://www.nasdaq.com/symbol/achn,
ACIW,"ACI Worldwide, Inc.",29.13,$3.38B,n/a,Technology,Computer Software: Prepackaged Software,https://www.nasdaq.com/symbol/aciw,
ACRS,"Aclaris Therapeutics, Inc.",9.86,$403.63M,2015,Health Care,Major Pharmaceuticals,https://www.nasdaq.com/symbol/acrs,
ACMR,"ACM Research, Inc.",11.3,$179.46M,2017,Technology,Industrial Machinery/Components,https://www.nasdaq.com/symbol/acmr,
ACU,Acme United Corporation.,17.41,$58.74M,1988,Capital Goods,Industrial Machinery/Components,https://www.nasdaq.com/symbol/acu,
ACNB,ACNB Corporation,38.95,$274.16M,n/a,Finance,Major Banks,https://www.nasdaq.com/symbol/acnb,
ACOR,"Acorda Therapeutics, Inc.",18.4,$875.07M,2006,Health Care,Biotechnology: Biological Products (No Diagnostic Substances),https://www.nasdaq.com/symbol/acor,
ATV,"Acorn International, Inc.",21.3,$57.09M,2007,Consumer Services,Other Specialty Stores,https://www.nasdaq.com/symbol/atv,
ATNM,"Actinium Pharmaceuticals, Inc.",0.5486,$61.07M,n/a,Health Care,Major Pharmaceuticals,https://www.nasdaq.com/symbol/atnm,
ATVI,"Activision Blizzard, Inc",53.89,$41.12B,n/a,Technology,Computer Software: Prepackaged Software,https://www.nasdaq.com/symbol/atvi,
ATU,Actuant Corporation,25.03,$1.53B,n/a,Technology,Industrial Machinery/Components,https://www.nasdaq.com/symbol/atu,
AYI,Acuity Brands Inc,124.82,$5.02B,n/a,Consumer Durables,Building Products,https://www.nasdaq.com/symbol/ayi,
GOLF,Acushnet Holdings Corp.,24.95,$1.87B,2016,Consumer Non-Durables,Recreational Products/Toys,https://www.nasdaq.com/symbol/golf,
ADMS,"Adamas Pharmaceuticals, Inc.",11.46,$313.27M,2014,Health Care,Major Pharmaceuticals,https://www.nasdaq.com/symbol/adms,
ADMP,Adamis Pharmaceuticals Corporation,2.62,$123.9M,n/a,Health Care,Major Pharmaceuticals,https://www.nasdaq.com/symbol/admp,
ADX,"Adams Diversified Equity Fund, Inc.",15.6,$1.57B,n/a,n/a,n/a,https://www.nasdaq.com/symbol/adx,
PEO,"Adams Natural Resources Fund, Inc.",17.61,$510.61M,n/a,n/a,n/a,https://www.nasdaq.com/symbol/peo,
AE,"Adams Resources & Energy, Inc.",39.1,$164.91M,n/a,Energy,Oil Refining/Marketing,https://www.nasdaq.com/symbol/ae,
ADAP,Adaptimmune Therapeutics plc,6.32,$660.89M,2015,Health Care,Biotechnology: Biological Products (No Diagnostic Substances),https://www.nasdaq.com/symbol/adap,
ADUS,Addus HomeCare Corporation,72.5,$949.63M,2009,Health Care,Medical/Nursing Services,https://www.nasdaq.com/symbol/adus,
AEY,"ADDvantage Technologies Group, Inc.",1.35,$13.91M,n/a,Consumer Services,Office Equipment/Supplies/Services,https://www.nasdaq.com/symbol/aey,
AGRO,Adecoagro S.A.,7.28,$848.52M,2011,Consumer Non-Durables,Farming/Seeds/Milling,https://www.nasdaq.com/symbol/agro,
IOTS,Adesto Technologies Corporation,4.82,$141.07M,2015,Technology,Semiconductors,https://www.nasdaq.com/symbol/iots,
ADIL,"Adial Pharmaceuticals, Inc",1.41,$9.22M,2018,Health Care,Major Pharmaceuticals,https://www.nasdaq.com/symbol/adil,
ADILW,"Adial Pharmaceuticals, Inc",0.3,n/a,2018,Health Care,Major Pharmaceuticals,https://www.nasdaq.com/symbol/adilw,
ADNT,Adient plc,21.86,$2.04B,2016,Capital Goods,Auto Parts:O.E.M.,https://www.nasdaq.com/symbol/adnt,
ADMA,ADMA Biologics Inc,5.16,$239.16M,n/a,Health Care,Biotechnology: Biological Products (No Diagnostic Substances),https://www.nasdaq.com/symbol/adma,
ADBE,Adobe Inc.,236.67,$115.53B,1986,Technology,Computer Software: Prepackaged Software,https://www.nasdaq.com/symbol/adbe,
ADOM,"ADOMANI, Inc.",0.528,$38.4M,2017,Capital Goods,Auto Parts:O.E.M.,https://www.nasdaq.com/symbol/adom,
ADT,ADT Inc.,7.45,$5.71B,2018,Consumer Services,Diversified Commercial Services,https://www.nasdaq.com/symbol/adt,
ATGE,Adtalem Global Education Inc.,58.16,$3.42B,n/a,Consumer Services,Other Consumer Services,https://www.nasdaq.com/symbol/atge,
ADTN,"ADTRAN, Inc.",13.45,$640.9M,1994,Public Utilities,Telecommunications Equipment,https://www.nasdaq.com/symbol/adtn,
ADRO,"Aduro Biotech, Inc.",3.58,$284.27M,2015,Health Care,Major Pharmaceuticals,https://www.nasdaq.com/symbol/adro,
AAP,Advance Auto Parts Inc,167.06,$12.38B,n/a,Consumer Services,Other Specialty Stores,https://www.nasdaq.com/symbol/aap,
ADSW,"Advanced Disposal Services, Inc.",26.89,$2.38B,2016,Public Utilities,Environmental Services,https://www.nasdaq.com/symbol/adsw,
WMS,"Advanced Drainage Systems, Inc.",26.8,$1.53B,2014,Capital Goods,Containers/Packaging,https://www.nasdaq.com/symbol/wms,
ADES,"Advanced Emissions Solutions, Inc.",10.03,$199.75M,n/a,Basic Industries,Major Chemicals,https://www.nasdaq.com/symbol/ades,
AEIS,"Advanced Energy Industries, Inc.",41.84,$1.61B,1995,Capital Goods,Industrial Machinery/Components,https://www.nasdaq.com/symbol/aeis,
AMD,"Advanced Micro Devices, Inc.",19.03,$19.02B,n/a,Technology,Semiconductors,https://www.nasdaq.com/symbol/amd,
ASIX,AdvanSix Inc.,26.72,$796.33M,2016,Basic Industries,Major Chemicals,https://www.nasdaq.com/symbol/asix,
ADXS,"Advaxis, Inc.",0.5272,$36.64M,n/a,Health Care,Major Pharmaceuticals,https://www.nasdaq.com/symbol/adxs,
AVK,Advent Claymore Convertible Securities and Income Fund,14.12,$487.5M,2003,n/a,n/a,https://www.nasdaq.com/symbol/avk,
ADVM,"Adverum Biotechnologies, Inc.",3.71,$232.6M,2014,Health Care,Biotechnology: Biological Products (No Diagnostic Substances),https://www.nasdaq.com/symbol/advm,
DWMC,AdvisorShares Dorsey Wright Micro-Cap ETF,21.6,$2.7M,n/a,n/a,n/a,https://www.nasdaq.com/symbol/dwmc,
DWSH,AdvisorShares Dorsey Wright Short ETF,27.6902,$18M,n/a,n/a,n/a,https://www.nasdaq.com/symbol/dwsh,
ACT,AdvisorShares Vice ETF,25.31,$13.92M,n/a,n/a,n/a,https://www.nasdaq.com/symbol/act,
ACM,AECOM,30.98,$4.98B,2007,Consumer Services,Military/Government/Technical,https://www.nasdaq.com/symbol/acm,
AEGN,Aegion Corp,19.45,$628.51M,n/a,Basic Industries,Water Supply,https://www.nasdaq.com/symbol/aegn,
AGLE,"Aeglea BioTherapeutics, Inc.",8.75,$192.46M,2016,Health Care,Major Pharmaceuticals,https://www.nasdaq.com/symbol/agle,
AEB,Aegon NV,22.81,n/a,n/a,Finance,Life Insurance,https://www.nasdaq.com/symbol/aeb,
AED,Aegon NV,25.47,n/a,n/a,Finance,Life Insurance,https://www.nasdaq.com/symbol/aed,
AEG,Aegon NV,6.16,$12.59B,n/a,Finance,Life Insurance,https://www.nasdaq.com/symbol/aeg,
AEH,Aegon NV,25.37,n/a,n/a,Finance,Life Insurance,https://www.nasdaq.com/symbol/aeh,
AEHR,Aehr Test Systems,1.93,$42.93M,1997,Capital Goods,Electrical Products,https://www.nasdaq.com/symbol/aehr,
AMTX,"Aemetis, Inc",0.95,$19.33M,n/a,Basic Industries,Major Chemicals,https://www.nasdaq.com/symbol/amtx,
AER,Aercap Holdings N.V.,51.6,$7.58B,2006,Technology,Diversified Commercial Services,https://www.nasdaq.com/symbol/aer,
AERI,"Aerie Pharmaceuticals, Inc.",44.65,$2.03B,2013,Health Care,Biotechnology: Biological Products (No Diagnostic Substances),https://www.nasdaq.com/symbol/aeri,
ACY,AeroCentury Corp.,12.1292,$17.18M,n/a,Technology,Diversified Commercial Services,https://www.nasdaq.com/symbol/acy,
HIVE,"Aerohive Networks, Inc.",3.95,$219.44M,2014,Technology,EDP Services,https://www.nasdaq.com/symbol/hive,
AJRD,"Aerojet Rocketdyne Holdings, Inc. ",36.64,$2.87B,n/a,Capital Goods,Military/Government/Technical,https://www.nasdaq.com/symbol/ajrd,
AVAV,"AeroVironment, Inc.",99.1,$2.37B,2007,Capital Goods,Aerospace,https://www.nasdaq.com/symbol/avav,
ARPO,"Aerpio Pharmaceuticals, Inc.",1.88,$76.29M,n/a,Health Care,Major Pharmaceuticals,https://www.nasdaq.com/symbol/arpo,
AEZS,AEterna Zentaris Inc.,2.41,$39.62M,n/a,Health Care,Major Pharmaceuticals,https://www.nasdaq.com/symbol/aezs,
AEMD,"Aethlon Medical, Inc.",1.16,$20.71M,n/a,Capital Goods,Biotechnology: Laboratory Analytical Instruments,https://www.nasdaq.com/symbol/aemd,
AET,Aetna Inc.,209.33,$68.53B,n/a,Health Care,Medical Specialities,https://www.nasdaq.com/symbol/aet,
GNMX,"Aevi Genomic Medicine, Inc.",1.25,$80.96M,n/a,Health Care,Biotechnology: Biological Products (No Diagnostic Substances),https://www.nasdaq.com/symbol/gnmx,
AMG,"Affiliated Managers Group, Inc.",112.55,$5.93B,n/a,Finance,Investment Managers,https://www.nasdaq.com/symbol/amg,
AFMD,Affimed N.V.,3.85,$240.35M,2014,Health Care,Major Pharmaceuticals,https://www.nasdaq.com/symbol/afmd,
AFL,Aflac Incorporated,44.44,$33.83B,n/a,Finance,Accident &Health Insurance,https://www.nasdaq.com/symbol/afl,
MITT,"AG Mortgage Investment Trust, Inc.",18.1,$510.89M,2011,n/a,n/a,https://www.nasdaq.com/symbol/mitt,
MITT^A,"AG Mortgage Investment Trust, Inc.",25.46,n/a,n/a,n/a,n/a,https://www.nasdaq.com/symbol/mitt^a,
MITT^B,"AG Mortgage Investment Trust, Inc.",25.2464,n/a,n/a,n/a,n/a,https://www.nasdaq.com/symbol/mitt^b,
AGCO,AGCO Corporation,56.21,$4.4B,n/a,Capital Goods,Industrial Machinery/Components,https://www.nasdaq.com/symbol/agco,
UAVS,"AgEagle Aerial Systems, Inc.",0.8103,$8.74M,n/a,Capital Goods,Aerospace,https://www.nasdaq.com/symbol/uavs,
AGEN,Agenus Inc.,1.92,$230.37M,2000,Health Care,Biotechnology: Biological Products (No Diagnostic Substances),https://www.nasdaq.com/symbol/agen,
AGRX,"Agile Therapeutics, Inc.",0.9102,$31.29M,2014,Health Care,Major Pharmaceuticals,https://www.nasdaq.com/symbol/agrx,
A,"Agilent Technologies, Inc.",64.5,$20.56B,1999,Capital Goods,Biotechnology: Laboratory Analytical Instruments,https://www.nasdaq.com/symbol/a,
AGYS,"Agilysys, Inc.",16.36,$384.92M,n/a,Technology,EDP Services,https://www.nasdaq.com/symbol/agys,
AGIO,"Agios Pharmaceuticals, Inc.",64.15,$3.73B,2013,Health Care,Major Pharmaceuticals,https://www.nasdaq.com/symbol/agio,
AGMH,AGM Group Holdings Inc.,21,$447.64M,2018,Technology,EDP Services,https://www.nasdaq.com/symbol/agmh,
AGNC,AGNC Investment Corp.,17.76,$8.49B,2008,Consumer Services,Real Estate Investment Trusts,https://www.nasdaq.com/symbol/agnc,
AGNCB,AGNC Investment Corp.,25.449,$8.82B,n/a,Consumer Services,Real Estate Investment Trusts,https://www.nasdaq.com/symbol/agncb,
AGNCN,AGNC Investment Corp.,25.5,n/a,n/a,Consumer Services,Real Estate Investment Trusts,https://www.nasdaq.com/symbol/agncn,
AEM,Agnico Eagle Mines Limited,34,$7.97B,n/a,Basic Industries,Precious Metals,https://www.nasdaq.com/symbol/aem,
ADC,Agree Realty Corporation,58.83,$2.03B,n/a,Consumer Services,Real Estate Investment Trusts,https://www.nasdaq.com/symbol/adc,
AGFS,"AgroFresh Solutions, Inc.",4.88,$246.14M,2014,Finance,Business Services,https://www.nasdaq.com/symbol/agfs,
AGFSW,"AgroFresh Solutions, Inc.",0.24,n/a,2014,Finance,Business Services,https://www.nasdaq.com/symbol/agfsw,
ALRN,"Aileron Therapeutics, Inc.",1.82,$26.84M,2017,Health Care,Major Pharmaceuticals,https://www.nasdaq.com/symbol/alrn,
AIMT,"Aimmune Therapeutics, Inc.",27.95,$1.64B,2015,Health Care,Major Pharmaceuticals,https://www.nasdaq.com/symbol/aimt,
AIRI,Air Industries Group,1.33,$35.13M,n/a,Capital Goods,Military/Government/Technical,https://www.nasdaq.com/symbol/airi,
AL,Air Lease Corporation,38.5,$4.01B,2011,Technology,Diversified Commercial Services,https://www.nasdaq.com/symbol/al,
APD,"Air Products and Chemicals, Inc.",157.49,$34.53B,n/a,Basic Industries,Major Chemicals,https://www.nasdaq.com/symbol/apd,
AIRT,"Air T, Inc.",38.85,$79.39M,n/a,Transportation,Air Freight/Delivery Services,https://www.nasdaq.com/symbol/airt,
ATSG,"Air Transport Services Group, Inc",18.5,$1.09B,n/a,Transportation,Air Freight/Delivery Services,https://www.nasdaq.com/symbol/atsg,
AYR,Aircastle Limited,19.03,$1.45B,2006,Technology,Diversified Commercial Services,https://www.nasdaq.com/symbol/ayr,
AIRG,"Airgain, Inc.",12.55,$124.43M,2016,Technology,Radio And Television Broadcasting And Communications Equipment,https://www.nasdaq.com/symbol/airg,
AMCN,AirMedia Group Inc,0.3327,$20.9M,2007,Technology,Advertising,https://www.nasdaq.com/symbol/amcn,
AKS,AK Steel Holding Corporation,3.6,$1.14B,n/a,Basic Industries,Steel/Iron Ore,https://www.nasdaq.com/symbol/aks,
AKAM,"Akamai Technologies, Inc.",69.08,$11.25B,1999,Miscellaneous,Business Services,https://www.nasdaq.com/symbol/akam,
AKTX,Akari Therapeutics Plc,1.89,$28.84M,n/a,Health Care,Major Pharmaceuticals,https://www.nasdaq.com/symbol/aktx,
AKCA,"Akcea Therapeutics, Inc.",26.08,$2.33B,2017,Health Care,Major Pharmaceuticals,https://www.nasdaq.com/symbol/akca,
AKBA,"Akebia Therapeutics, Inc.",7.73,$441.07M,2014,Health Care,Major Pharmaceuticals,https://www.nasdaq.com/symbol/akba,
AKER,Akers Biosciences Inc.,2.58,$30.35M,2014,Health Care,Biotechnology: In Vitro & In Vivo Diagnostic Substances,https://www.nasdaq.com/symbol/aker,
AKRX,"Akorn, Inc.",6.73,$844.56M,n/a,Health Care,Major Pharmaceuticals,https://www.nasdaq.com/symbol/akrx,
AKTS,"Akoustis Technologies, Inc.",4.85,$143.68M,n/a,Public Utilities,Telecommunications Equipment,https://www.nasdaq.com/symbol/akts,
ALP^Q,Alabama Power Company,24.85,n/a,n/a,n/a,n/a,https://www.nasdaq.com/symbol/alp^q,
ALG,"Alamo Group, Inc.",87.3,$1.02B,n/a,Capital Goods,Industrial Machinery/Components,https://www.nasdaq.com/symbol/alg,
AGI,Alamos Gold Inc.,3.49,$1.36B,2015,Basic Industries,Precious Metals,https://www.nasdaq.com/symbol/agi,
ALRM,"Alarm.com Holdings, Inc.",47.19,$2.27B,2015,Technology,Computer Software: Prepackaged Software,https://www.nasdaq.com/symbol/alrm,
ALK,"Alaska Air Group, Inc.",65.76,$8.11B,n/a,Transportation,Air Freight/Delivery Services,https://www.nasdaq.com/symbol/alk,
ALSK,"Alaska Communications Systems Group, Inc.",1.5,$79.78M,1999,Public Utilities,Telecommunications Equipment,https://www.nasdaq.com/symbol/alsk,
AIN,Albany International Corporation,73.01,$2.35B,n/a,Basic Industries,Textiles,https://www.nasdaq.com/symbol/ain,
ALB,Albemarle Corporation,98.07,$10.42B,n/a,Basic Industries,Major Chemicals,https://www.nasdaq.com/symbol/alb,
ALACU,Alberton Acquisition Corporation,10.08,n/a,2018,Finance,Business Services,https://www.nasdaq.com/symbol/alacu,
ALBO,"Albireo Pharma, Inc.",24.37,$291.71M,n/a,Health Care,Major Pharmaceuticals,https://www.nasdaq.com/symbol/albo,
ABDC,Alcentra Capital Corp.,6.43,$87M,n/a,n/a,n/a,https://www.nasdaq.com/symbol/abdc,
AA,Alcoa Corporation,33.73,$6.29B,2016,Basic Industries,Aluminum,https://www.nasdaq.com/symbol/aa,
ALDR,"Alder BioPharmaceuticals, Inc.",13.21,$902.59M,2014,Health Care,Major Pharmaceuticals,https://www.nasdaq.com/symbol/aldr,
ALDX,"Aldeyra Therapeutics, Inc.",10.25,$214.99M,2014,Health Care,Major Pharmaceuticals,https://www.nasdaq.com/symbol/aldx,
ALEX,"Alexander & Baldwin, Inc.",21.29,$1.53B,n/a,Consumer Services,Real Estate Investment Trusts,https://www.nasdaq.com/symbol/alex,
ALX,"Alexander&#39;s, Inc.",318.51,$1.63B,n/a,Consumer Services,Real Estate Investment Trusts,https://www.nasdaq.com/symbol/alx,
ARE,"Alexandria Real Estate Equities, Inc.",123.93,$13.33B,n/a,Consumer Services,Real Estate Investment Trusts,https://www.nasdaq.com/symbol/are,
ARE^D,"Alexandria Real Estate Equities, Inc.",34.65,n/a,n/a,n/a,n/a,https://www.nasdaq.com/symbol/are^d,
AXU,Alexco Resource Corp,0.7464,$80.61M,n/a,Basic Industries,Precious Metals,https://www.nasdaq.com/symbol/axu,
ALXN,"Alexion Pharmaceuticals, Inc.",118.6,$26.46B,1996,Health Care,Major Pharmaceuticals,https://www.nasdaq.com/symbol/alxn,
AQN,Algonquin Power & Utilities Corp.,10.4,$4.89B,2016,Public Utilities,Electric Utilities: Central,https://www.nasdaq.com/symbol/aqn,
AQNA,Algonquin Power & Utilities Corp.,25.46,n/a,2018,Public Utilities,Electric Utilities: Central,https://www.nasdaq.com/symbol/aqna,
BABA,Alibaba Group Holding Limited,142.82,$367.32B,2014,Miscellaneous,Business Services,https://www.nasdaq.com/symbol/baba,
ALCO,"Alico, Inc.",33.1,$271.42M,n/a,Consumer Non-Durables,Farming/Seeds/Milling,https://www.nasdaq.com/symbol/alco,
ALGN,"Align Technology, Inc.",217.29,$17.38B,2001,Health Care,Industrial Specialties,https://www.nasdaq.com/symbol/algn,
ALIM,"Alimera Sciences, Inc.",1,$70.04M,2010,Health Care,Major Pharmaceuticals,https://www.nasdaq.com/symbol/alim,
ALO,Alio Gold Inc.,0.6754,$57.21M,2011,Basic Industries,Precious Metals,https://www.nasdaq.com/symbol/alo,
ALYA,Alithya Group inc.,3.85,$186.35M,n/a,Technology,"Computer Software: Programming, Data Processing",https://www.nasdaq.com/symbol/alya,
ALJJ,"ALJ Regional Holdings, Inc.",1.61,$61.05M,n/a,Miscellaneous,Business Services,https://www.nasdaq.com/symbol/aljj,
ALKS,Alkermes plc,34.7,$5.39B,1991,Health Care,Major Pharmaceuticals,https://www.nasdaq.com/symbol/alks,
ALLK,Allakos Inc.,55.83,$2.35B,2018,Health Care,Major Pharmaceuticals,https://www.nasdaq.com/symbol/allk,
Y,Alleghany Corporation,618.23,$9.17B,n/a,Finance,Property-Casualty Insurers,https://www.nasdaq.com/symbol/y,
ATI,Allegheny Technologies Incorporated,26.92,$3.38B,n/a,Basic Industries,Steel/Iron Ore,https://www.nasdaq.com/symbol/ati,
ABTX,"Allegiance Bancshares, Inc.",38.58,$515.72M,2015,Finance,Major Banks,https://www.nasdaq.com/symbol/abtx,
ALGT,Allegiant Travel Company,121.89,$1.97B,2006,Transportation,Air Freight/Delivery Services,https://www.nasdaq.com/symbol/algt,
ALLE,Allegion plc,88.59,$8.42B,2013,Consumer Services,Diversified Commercial Services,https://www.nasdaq.com/symbol/alle,
ALGR,Allegro Merger Corp.,9.64,n/a,2018,Finance,Business Services,https://www.nasdaq.com/symbol/algr,
ALGRR,Allegro Merger Corp.,0.38,n/a,2018,Finance,Business Services,https://www.nasdaq.com/symbol/algrr,
ALGRU,Allegro Merger Corp.,10.3,n/a,2018,Finance,Business Services,https://www.nasdaq.com/symbol/algru,
ALGRW,Allegro Merger Corp.,0.35,n/a,2018,Finance,Business Services,https://www.nasdaq.com/symbol/algrw,
ALNA,"Allena Pharmaceuticals, Inc.",7.67,$159.24M,2017,Health Care,Biotechnology: Biological Products (No Diagnostic Substances),https://www.nasdaq.com/symbol/alna,
AGN,Allergan plc.,163.87,$55.27B,2013,Health Care,Major Pharmaceuticals,https://www.nasdaq.com/symbol/agn,
ALE,"Allete, Inc.",77.65,$3.99B,n/a,Public Utilities,Power Generation,https://www.nasdaq.com/symbol/ale,
AKP,Alliance California Municipal Income Fund Inc,13.15,$112.49M,2002,n/a,n/a,https://www.nasdaq.com/symbol/akp,
ADS,Alliance Data Systems Corporation,203.7,$11.1B,2001,Miscellaneous,Business Services,https://www.nasdaq.com/symbol/ads,
AMMA,"Alliance MMA, Inc.",0.2791,$4.15M,2016,Consumer Services,Services-Misc. Amusement & Recreation,https://www.nasdaq.com/symbol/amma,
AFB,Alliance National Municipal Income Fund Inc,12,$344.94M,2002,n/a,n/a,https://www.nasdaq.com/symbol/afb,
ARLP,"Alliance Resource Partners, L.P.",19.61,$2.55B,1999,Energy,Coal Mining,https://www.nasdaq.com/symbol/arlp,
AWF,Alliance World Dollar Government Fund II,11.12,$958.87M,1993,n/a,n/a,https://www.nasdaq.com/symbol/awf,
AB,AllianceBernstein Holding L.P.,29.58,$2.85B,n/a,Finance,Investment Managers,https://www.nasdaq.com/symbol/ab,
LNT,Alliant Energy Corporation,45.19,$10.66B,n/a,Public Utilities,Power Generation,https://www.nasdaq.com/symbol/lnt,
CBH,AllianzGI Convertible & Income 2024 Target Term Fund,8.811,$160.86M,2017,n/a,n/a,https://www.nasdaq.com/symbol/cbh,
NCV,AllianzGI Convertible & Income Fund,6.38,$570.27M,2003,n/a,n/a,https://www.nasdaq.com/symbol/ncv,
NCV^A,AllianzGI Convertible & Income Fund,24.8499,n/a,n/a,n/a,n/a,https://www.nasdaq.com/symbol/ncv^a,
NCZ,AllianzGI Convertible & Income Fund II,5.48,$413.12M,2003,n/a,n/a,https://www.nasdaq.com/symbol/ncz,
NCZ^A,AllianzGI Convertible & Income Fund II,24.25,n/a,n/a,n/a,n/a,https://www.nasdaq.com/symbol/ncz^a,
ACV,AllianzGI Diversified Income & Convertible Fund,23.12,$238.25M,2015,n/a,n/a,https://www.nasdaq.com/symbol/acv,
NIE,AllianzGI Equity & Convertible Income Fund,20.51,$568.31M,2007,n/a,n/a,https://www.nasdaq.com/symbol/nie,
NFJ,"AllianzGI NFJ Dividend, Interest & Premium Strategy Fund",12.22,$1.16B,2005,Finance,Finance: Consumer Services,https://www.nasdaq.com/symbol/nfj,
AHPI,"Allied Healthcare Products, Inc.",2.14,$8.59M,1992,Health Care,Industrial Specialties,https://www.nasdaq.com/symbol/ahpi,
AMOT,"Allied Motion Technologies, Inc.",46.34,$439.14M,n/a,Capital Goods,Electrical Products,https://www.nasdaq.com/symbol/amot,
ALQA,"Alliqua BioMedical, Inc.",1.71,$8.56M,n/a,Health Care,Medical/Dental Instruments,https://www.nasdaq.com/symbol/alqa,
ALSN,"Allison Transmission Holdings, Inc.",46.16,$5.98B,2012,Capital Goods,Auto Parts:O.E.M.,https://www.nasdaq.com/symbol/alsn,
ALLO,"Allogene Therapeutics, Inc.",27.02,n/a,2018,Health Care,Biotechnology: Biological Products (No Diagnostic Substances),https://www.nasdaq.com/symbol/allo,
ALLT,Allot Communications Ltd.,7.19,$242.41M,2006,Technology,Computer Communications Equipment,https://www.nasdaq.com/symbol/allt,
MDRX,"Allscripts Healthcare Solutions, Inc.",10.16,$1.78B,n/a,Technology,EDP Services,https://www.nasdaq.com/symbol/mdrx,
ALL,Allstate Corporation (The),91.56,$31.54B,n/a,Finance,Property-Casualty Insurers,https://www.nasdaq.com/symbol/all,
ALL^A,Allstate Corporation (The),24.85,n/a,n/a,n/a,n/a,https://www.nasdaq.com/symbol/all^a,
ALL^B,Allstate Corporation (The),25.1088,n/a,n/a,n/a,n/a,https://www.nasdaq.com/symbol/all^b,
ALL^D,Allstate Corporation (The),25.51,n/a,n/a,n/a,n/a,https://www.nasdaq.com/symbol/all^d,
ALL^E,Allstate Corporation (The),25.4283,n/a,n/a,n/a,n/a,https://www.nasdaq.com/symbol/all^e,
ALL^F,Allstate Corporation (The),25.78,n/a,n/a,n/a,n/a,https://www.nasdaq.com/symbol/all^f,
ALL^G,Allstate Corporation (The),24.83,n/a,n/a,n/a,n/a,https://www.nasdaq.com/symbol/all^g,
ALLY,Ally Financial Inc.,25.36,$10.48B,2014,Finance,Major Banks,https://www.nasdaq.com/symbol/ally,
ALLY^A,Ally Financial Inc.,26.42,n/a,n/a,n/a,n/a,https://www.nasdaq.com/symbol/ally^a,
AAU,"Almaden Minerals, Ltd.",0.5,$55.82M,2015,Basic Industries,Precious Metals,https://www.nasdaq.com/symbol/aau,
ALNY,"Alnylam Pharmaceuticals, Inc.",67.92,$6.86B,2004,Health Care,Major Pharmaceuticals,https://www.nasdaq.com/symbol/alny,
AOSL,Alpha and Omega Semiconductor Limited,10.26,$244.06M,2010,Technology,Semiconductors,https://www.nasdaq.com/symbol/aosl,
APT,"Alpha Pro Tech, Ltd.",3.38,$46.07M,n/a,Health Care,Industrial Specialties,https://www.nasdaq.com/symbol/apt,
GOOG,Alphabet Inc.,1038.63,$722.33B,2004,Technology,"Computer Software: Programming, Data Processing",https://www.nasdaq.com/symbol/goog,
GOOGL,Alphabet Inc.,1049.36,$729.79B,n/a,Technology,"Computer Software: Programming, Data Processing",https://www.nasdaq.com/symbol/googl,
SMCP,AlphaMark Actively Managed Small Cap ETF,23.52,$23.52M,n/a,n/a,n/a,https://www.nasdaq.com/symbol/smcp,
ATEC,"Alphatec Holdings, Inc.",2.99,$126.76M,2006,Health Care,Medical/Dental Instruments,https://www.nasdaq.com/symbol/atec,
ALPN,"Alpine Immune Sciences, Inc.",5.18,$71.75M,2015,Health Care,Major Pharmaceuticals,https://www.nasdaq.com/symbol/alpn,
AMR,"Alta Mesa Resources, Inc.",3.02,$1.16B,2017,Energy,Oil & Gas Production,https://www.nasdaq.com/symbol/amr,
AMRWW,"Alta Mesa Resources, Inc.",0.385,n/a,2017,Energy,Oil & Gas Production,https://www.nasdaq.com/symbol/amrww,
AABA,Altaba Inc.,59.95,$36.13B,n/a,Technology,EDP Services,https://www.nasdaq.com/symbol/aaba,
ALTR,Altair Engineering Inc.,32.3,$2.27B,2017,Technology,Computer Software: Prepackaged Software,https://www.nasdaq.com/symbol/altr,
AYX,"Alteryx, Inc.",55.59,$3.41B,2017,Technology,Computer Software: Prepackaged Software,https://www.nasdaq.com/symbol/ayx,
ATUS,"Altice USA, Inc.",18.45,$13.19B,2017,Consumer Services,Television Services,https://www.nasdaq.com/symbol/atus,
ALT,"Altimmune, Inc.",3.52,$14.5M,n/a,Health Care,Major Pharmaceuticals,https://www.nasdaq.com/symbol/alt,
AAMC,Altisource Asset Management Corp,47,$75.82M,n/a,Finance,Real Estate,https://www.nasdaq.com/symbol/aamc,
ASPS,Altisource Portfolio Solutions S.A.,22.84,$388.07M,n/a,Consumer Services,Other Consumer Services,https://www.nasdaq.com/symbol/asps,
AIMC,Altra Industrial Motion Corp.,32.88,$2.12B,2006,n/a,n/a,https://www.nasdaq.com/symbol/aimc,
MO,Altria Group,61.2,$115B,n/a,Consumer Non-Durables,Farming/Seeds/Milling,https://www.nasdaq.com/symbol/mo,
ACH,Aluminum Corporation of China Limited,9.46,$5.64B,2001,Basic Industries,Aluminum,https://www.nasdaq.com/symbol/ach,
ALZH,"Alzheon, Inc.",n/a,n/a,n/a,n/a,n/a,https://www.nasdaq.com/symbol/alzh,
AMAG,"AMAG Pharmaceuticals, Inc.",17.98,$620.95M,n/a,Health Care,Major Pharmaceuticals,https://www.nasdaq.com/symbol/amag,
AMAL,Amalgamated Bank,21.68,$688.81M,2018,Consumer Non-Durables,Textiles,https://www.nasdaq.com/symbol/amal,
AMRN,Amarin Corporation plc,19.82,$6.25B,n/a,Health Care,Major Pharmaceuticals,https://www.nasdaq.com/symbol/amrn,
AMRK,"A-Mark Precious Metals, Inc.",12.76,$89.72M,n/a,Basic Industries,Other Specialty Stores,https://www.nasdaq.com/symbol/amrk,
AMZN,"Amazon.com, Inc.",1636.85,$800.37B,1997,Consumer Services,Catalog/Specialty Distribution,https://www.nasdaq.com/symbol/amzn,
AMBC,"Ambac Financial Group, Inc.",18.53,$840.08M,n/a,Finance,Property-Casualty Insurers,https://www.nasdaq.com/symbol/ambc,
AMBCW,"Ambac Financial Group, Inc.",9.73,n/a,n/a,Finance,Property-Casualty Insurers,https://www.nasdaq.com/symbol/ambcw,
AMBA,"Ambarella, Inc.",33.87,$1.09B,2012,Technology,Semiconductors,https://www.nasdaq.com/symbol/amba,
AMBR,"Amber Road, Inc.",8.77,$241.36M,2014,Technology,Computer Software: Prepackaged Software,https://www.nasdaq.com/symbol/ambr,
ABEV,Ambev S.A.,4.19,$65.87B,2013,Consumer Non-Durables,Beverages (Production/Distribution),https://www.nasdaq.com/symbol/abev,
AMBO,Ambow Education Holding Ltd.,5.11,$99.51M,n/a,Consumer Services,Other Consumer Services,https://www.nasdaq.com/symbol/ambo,
AMC,"AMC Entertainment Holdings, Inc.",15.19,$1.57B,2013,Consumer Services,Movies/Entertainment,https://www.nasdaq.com/symbol/amc,
AMCX,AMC Networks Inc.,59.59,$3.37B,n/a,Consumer Services,Television Services,https://www.nasdaq.com/symbol/amcx,
DIT,AMCON Distributing Company,84.84,$52.26M,n/a,Consumer Non-Durables,Food Distributors,https://www.nasdaq.com/symbol/dit,
DOX,Amdocs Limited,66.37,$9.39B,n/a,Technology,EDP Services,https://www.nasdaq.com/symbol/dox,
AMED,Amedisys Inc,117.22,$3.74B,n/a,Health Care,Medical/Nursing Services,https://www.nasdaq.com/symbol/amed,
UHAL,Amerco,339.6,$6.66B,n/a,Consumer Services,Rental/Leasing Companies,https://www.nasdaq.com/symbol/uhal,
AEE,Ameren Corporation,68.39,$16.71B,n/a,Public Utilities,Power Generation,https://www.nasdaq.com/symbol/aee,
AMRC,"Ameresco, Inc.",14.36,$660.22M,2010,Basic Industries,Engineering & Construction,https://www.nasdaq.com/symbol/amrc,
AMRH,"Ameri Holdings, Inc.",0.26,$5.95M,n/a,Technology,Semiconductors,https://www.nasdaq.com/symbol/amrh,
AMRHW,"Ameri Holdings, Inc.",0.03,n/a,n/a,Technology,Semiconductors,https://www.nasdaq.com/symbol/amrhw,
ATAX,"America First Multifamily Investors, L.P.",5.82,$352.23M,n/a,Finance,Finance: Consumer Services,https://www.nasdaq.com/symbol/atax,
AMOV,"America Movil, S.A.B. de C.V.",14,$46.23B,n/a,Public Utilities,Telecommunications Equipment,https://www.nasdaq.com/symbol/amov,
AMX,"America Movil, S.A.B. de C.V.",13.98,$46.16B,n/a,Public Utilities,Telecommunications Equipment,https://www.nasdaq.com/symbol/amx,
AAL,"American Airlines Group, Inc.",36.86,$16.98B,n/a,Transportation,Air Freight/Delivery Services,https://www.nasdaq.com/symbol/aal,
AAT,"American Assets Trust, Inc.",39.23,$1.85B,2011,Consumer Services,Real Estate Investment Trusts,https://www.nasdaq.com/symbol/aat,
AXL,"American Axle & Manufacturing Holdings, Inc.",11.66,$1.3B,n/a,Capital Goods,Auto Parts:O.E.M.,https://www.nasdaq.com/symbol/axl,
ACC,American Campus Communities Inc,41.32,$5.66B,2004,Consumer Services,Real Estate Investment Trusts,https://www.nasdaq.com/symbol/acc,
AEO,"American Eagle Outfitters, Inc.",21.19,$3.76B,n/a,Consumer Services,Clothing/Shoe/Accessory Stores,https://www.nasdaq.com/symbol/aeo,
AEP,"American Electric Power Company, Inc.",76.2,$37.57B,n/a,Public Utilities,Electric Utilities: Central,https://www.nasdaq.com/symbol/aep,
AETI,"American Electric Technologies, Inc.",0.613,$5.47M,n/a,Energy,Industrial Machinery/Components,https://www.nasdaq.com/symbol/aeti,
AEL,American Equity Investment Life Holding Company,34.09,$3.08B,2003,Finance,Life Insurance,https://www.nasdaq.com/symbol/ael,
AXP,American Express Company,106.49,$90.97B,n/a,Finance,Finance: Consumer Services,https://www.nasdaq.com/symbol/axp,
AFIN,"American Finance Trust, Inc.",13.11,$1.39B,n/a,Consumer Services,Real Estate Investment Trusts,https://www.nasdaq.com/symbol/afin,
AFG,"American Financial Group, Inc.",104.91,$9.36B,n/a,Finance,Property-Casualty Insurers,https://www.nasdaq.com/symbol/afg,
AFGE,"American Financial Group, Inc.",25.3481,n/a,2014,Finance,Property-Casualty Insurers,https://www.nasdaq.com/symbol/afge,
AFGH,"American Financial Group, Inc.",25.16,n/a,2015,Finance,Property-Casualty Insurers,https://www.nasdaq.com/symbol/afgh,
AMH,American Homes 4 Rent,20.44,$6.06B,2013,Consumer Services,Real Estate Investment Trusts,https://www.nasdaq.com/symbol/amh,
AMH^D,American Homes 4 Rent,24.22,n/a,n/a,n/a,n/a,https://www.nasdaq.com/symbol/amh^d,
AMH^E,American Homes 4 Rent,23.75,n/a,n/a,n/a,n/a,https://www.nasdaq.com/symbol/amh^e,
AMH^F,American Homes 4 Rent,22.8471,n/a,n/a,n/a,n/a,https://www.nasdaq.com/symbol/amh^f,
AMH^G,American Homes 4 Rent,22.3,n/a,n/a,n/a,n/a,https://www.nasdaq.com/symbol/amh^g,
AMH^H,American Homes 4 Rent,24.04,n/a,n/a,n/a,n/a,https://www.nasdaq.com/symbol/amh^h,
AIG,"American International Group, Inc.",42.47,$37.57B,n/a,Finance,Property-Casualty Insurers,https://www.nasdaq.com/symbol/aig,
AIG.WS,"American International Group, Inc.",n/a,n/a,n/a,n/a,n/a,https://www.nasdaq.com/symbol/aig.ws,
AMID,"American Midstream Partners, LP",5.67,$300.4M,2011,Public Utilities,Natural Gas Distribution,https://www.nasdaq.com/symbol/amid,
AMNB,"American National Bankshares, Inc.",36.57,$318.69M,n/a,Finance,Major Banks,https://www.nasdaq.com/symbol/amnb,
ANAT,American National Insurance Company,125.63,$3.38B,n/a,Finance,Life Insurance,https://www.nasdaq.com/symbol/anat,
AOBC,American Outdoor Brands Corporation,13.57,$738.06M,n/a,Capital Goods,Ordnance And Accessories,https://www.nasdaq.com/symbol/aobc,
APEI,"American Public Education, Inc.",32.91,$540.52M,2007,Consumer Services,Other Consumer Services,https://www.nasdaq.com/symbol/apei,
ARII,"American Railcar Industries, Inc.",70.01,$1.34B,2006,Capital Goods,Railroads,https://www.nasdaq.com/symbol/arii,
ARL,"American Realty Investors, Inc.",16.16,$258.51M,n/a,Finance,Real Estate,https://www.nasdaq.com/symbol/arl,
ARA,"American Renal Associates Holdings, Inc",16.76,$544.95M,2016,Health Care,Hospital/Nursing Management,https://www.nasdaq.com/symbol/ara,
AMRB,American River Bankshares,15.02,$88.09M,n/a,Finance,Major Banks,https://www.nasdaq.com/symbol/amrb,
AMS,American Shared Hospital Services,2.92,$16.68M,n/a,Health Care,Medical Specialities,https://www.nasdaq.com/symbol/ams,
AMSWA,"American Software, Inc.",11.89,$367.48M,n/a,Technology,Computer Software: Prepackaged Software,https://www.nasdaq.com/symbol/amswa,
AWR,American States Water Company,64.77,$2.38B,n/a,Public Utilities,Water Supply,https://www.nasdaq.com/symbol/awr,
AMSC,American Superconductor Corporation,9.35,$199.75M,1991,Consumer Durables,Metal Fabrications,https://www.nasdaq.com/symbol/amsc,
AMT,American Tower Corporation (REIT),161.03,$70.93B,n/a,Consumer Services,Real Estate Investment Trusts,https://www.nasdaq.com/symbol/amt,
AVD,American Vanguard Corporation,16.96,$514.23M,n/a,Basic Industries,Agricultural Chemicals,https://www.nasdaq.com/symbol/avd,
AWK,American Water Works,91.28,$16.49B,2008,Public Utilities,Water Supply,https://www.nasdaq.com/symbol/awk,
AMWD,American Woodmark Corporation,60.42,$1.06B,1986,Basic Industries,Forest Products,https://www.nasdaq.com/symbol/amwd,
CRMT,"America&#39;s Car-Mart, Inc.",73.93,$508.88M,n/a,Consumer Durables,Automotive Aftermarket,https://www.nasdaq.com/symbol/crmt,
USAS,Americas Silver Corporation,1.78,$76.71M,2017,Basic Industries,Precious Metals,https://www.nasdaq.com/symbol/usas,
COLD,Americold Realty Trust,26.16,$3.87B,2018,Consumer Services,Real Estate Investment Trusts,https://www.nasdaq.com/symbol/cold,
APU,"AmeriGas Partners, L.P.",36.72,$3.41B,n/a,Consumer Services,Other Specialty Stores,https://www.nasdaq.com/symbol/apu,
AMP,"AMERIPRISE FINANCIAL SERVICES, INC.",125.06,$17.43B,n/a,Finance,Investment Managers,https://www.nasdaq.com/symbol/amp,
ABCB,Ameris Bancorp,44.39,$2.11B,1994,Finance,Major Banks,https://www.nasdaq.com/symbol/abcb,
AMSF,"AMERISAFE, Inc.",64.53,$1.24B,2005,Finance,Property-Casualty Insurers,https://www.nasdaq.com/symbol/amsf,
ASRV,AmeriServ Financial Inc.,4.3,$77.51M,n/a,Finance,Major Banks,https://www.nasdaq.com/symbol/asrv,
ASRVP,AmeriServ Financial Inc.,27.7407,n/a,n/a,Finance,Major Banks,https://www.nasdaq.com/symbol/asrvp,
ABC,AmerisourceBergen Corporation (Holding Co),89.92,$19.45B,n/a,Health Care,Other Pharmaceuticals,https://www.nasdaq.com/symbol/abc,
ATLO,Ames National Corporation,27.53,$256.33M,n/a,Finance,Major Banks,https://www.nasdaq.com/symbol/atlo,
AMGN,Amgen Inc.,191.56,$122.07B,1983,Health Care,Biotechnology: Biological Products (No Diagnostic Substances),https://www.nasdaq.com/symbol/amgn,
FOLD,"Amicus Therapeutics, Inc.",10.11,$1.91B,2007,Health Care,Major Pharmaceuticals,https://www.nasdaq.com/symbol/fold,
ANFI,Amira Nature Foods Ltd,0.51,$19.34M,2012,Consumer Non-Durables,Packaged Foods,https://www.nasdaq.com/symbol/anfi,
AMKR,"Amkor Technology, Inc.",6.51,$1.56B,1998,Technology,Semiconductors,https://www.nasdaq.com/symbol/amkr,
AMN,AMN Healthcare Services Inc,57.77,$2.71B,n/a,Technology,Professional Services,https://www.nasdaq.com/symbol/amn,
AMRX,"Amneal Pharmaceuticals, Inc.",19.96,$5.96B,2018,n/a,n/a,https://www.nasdaq.com/symbol/amrx,
AP,Ampco-Pittsburgh Corporation,4.45,$55.59M,n/a,Capital Goods,Fluid Controls,https://www.nasdaq.com/symbol/ap,
AMPH,"Amphastar Pharmaceuticals, Inc.",21,$969.35M,2014,Health Care,Major Pharmaceuticals,https://www.nasdaq.com/symbol/amph,
APH,Amphenol Corporation,88.45,$26.65B,n/a,Capital Goods,Electrical Products,https://www.nasdaq.com/symbol/aph,
AMPE,"Ampio Pharmaceuticals, Inc.",0.6,$64.03M,n/a,Health Care,Major Pharmaceuticals,https://www.nasdaq.com/symbol/ampe,
IBUY,Amplify Online Retail ETF,44.32,$363.42M,n/a,n/a,n/a,https://www.nasdaq.com/symbol/ibuy,
APHB,AmpliPhi Biosciences Corporation,0.2996,$9.68M,n/a,Health Care,Biotechnology: Biological Products (No Diagnostic Substances),https://www.nasdaq.com/symbol/aphb,
AXR,AMREP Corporation,7.28,$59.17M,n/a,Consumer Services,Newspapers/Magazines,https://www.nasdaq.com/symbol/axr,
ASYS,"Amtech Systems, Inc.",4.89,$73.29M,n/a,Technology,Industrial Machinery/Components,https://www.nasdaq.com/symbol/asys,
AME,"AMTEK, Inc.",72.74,$16.88B,n/a,Consumer Durables,Metal Fabrications,https://www.nasdaq.com/symbol/ame,
AFSI,"AmTrust Financial Services, Inc.",14.26,$2.82B,n/a,Finance,Property-Casualty Insurers,https://www.nasdaq.com/symbol/afsi,
AFSI^A,"AmTrust Financial Services, Inc.",15.89,n/a,n/a,n/a,n/a,https://www.nasdaq.com/symbol/afsi^a,
AFSI^B,"AmTrust Financial Services, Inc.",16.38,n/a,n/a,n/a,n/a,https://www.nasdaq.com/symbol/afsi^b,
AFSI^C,"AmTrust Financial Services, Inc.",17.2682,n/a,n/a,n/a,n/a,https://www.nasdaq.com/symbol/afsi^c,
AFSI^D,"AmTrust Financial Services, Inc.",16.6101,n/a,n/a,n/a,n/a,https://www.nasdaq.com/symbol/afsi^d,
AFSI^E,"AmTrust Financial Services, Inc.",16.7,n/a,n/a,n/a,n/a,https://www.nasdaq.com/symbol/afsi^e,
AFSI^F,"AmTrust Financial Services, Inc.",15.44,n/a,n/a,n/a,n/a,https://www.nasdaq.com/symbol/afsi^f,
AFSS,"AmTrust Financial Services, Inc.",23.027,n/a,2015,Finance,Property-Casualty Insurers,https://www.nasdaq.com/symbol/afss,
AFST,"AmTrust Financial Services, Inc.",23.41,n/a,2015,Finance,Property-Casualty Insurers,https://www.nasdaq.com/symbol/afst,
AMRS,"Amyris, Inc.",5.86,$295.25M,2010,Basic Industries,Major Chemicals,https://www.nasdaq.com/symbol/amrs,
APC,Anadarko Petroleum Corporation,56.27,$28.38B,n/a,Energy,Oil & Gas Production,https://www.nasdaq.com/symbol/apc,
ADI,"Analog Devices, Inc.",84.2,$31.29B,n/a,Technology,Semiconductors,https://www.nasdaq.com/symbol/adi,
PLAN,"Anaplan, Inc.",22.72,n/a,2018,Technology,Computer Software: Prepackaged Software,https://www.nasdaq.com/symbol/plan,
ANAB,"AnaptysBio, Inc.",70.6,$1.89B,2017,Health Care,Major Pharmaceuticals,https://www.nasdaq.com/symbol/anab,
AVXL,Anavex Life Sciences Corp.,2.52,$114.49M,n/a,Health Care,Biotechnology: Commercial Physical & Biological Resarch,https://www.nasdaq.com/symbol/avxl,
ANCB,Anchor Bancorp,25.91,$64.36M,2011,Finance,Banks,https://www.nasdaq.com/symbol/ancb,
ANDX,Andeavor Logistics LP,37.74,$9.26B,2011,Energy,Natural Gas Distribution,https://www.nasdaq.com/symbol/andx,
ANGI,ANGI Homeservices Inc.,17.69,$8.76B,n/a,Consumer Services,Advertising,https://www.nasdaq.com/symbol/angi,
ANGO,"AngioDynamics, Inc.",21.1,$783.27M,2004,Health Care,Medical/Dental Instruments,https://www.nasdaq.com/symbol/ango,
AU,AngloGold Ashanti Limited,9.46,$3.89B,n/a,Basic Industries,Precious Metals,https://www.nasdaq.com/symbol/au,
BUD,Anheuser-Busch Inbev SA,73.2,$143.22B,n/a,Consumer Non-Durables,Beverages (Production/Distribution),https://www.nasdaq.com/symbol/bud,
ANIP,"ANI Pharmaceuticals, Inc.",52.47,$622.17M,n/a,Health Care,Major Pharmaceuticals,https://www.nasdaq.com/symbol/anip,
ANIK,Anika Therapeutics Inc.,35.54,$505.08M,n/a,Health Care,Medical/Dental Instruments,https://www.nasdaq.com/symbol/anik,
ANIX,"Anixa Biosciences, Inc.",3.66,$68.43M,n/a,Health Care,Medical Specialities,https://www.nasdaq.com/symbol/anix,
AXE,Anixter International Inc.,68.18,$2.28B,n/a,Consumer Non-Durables,Telecommunications Equipment,https://www.nasdaq.com/symbol/axe,
NLY,Annaly Capital Management Inc,10,$13.14B,n/a,Consumer Services,Real Estate Investment Trusts,https://www.nasdaq.com/symbol/nly,
NLY^C,Annaly Capital Management Inc,25.4188,n/a,n/a,n/a,n/a,https://www.nasdaq.com/symbol/nly^c,
NLY^D,Annaly Capital Management Inc,25.31,n/a,n/a,n/a,n/a,https://www.nasdaq.com/symbol/nly^d,
NLY^F,Annaly Capital Management Inc,25.35,n/a,n/a,n/a,n/a,https://www.nasdaq.com/symbol/nly^f,
NLY^G,Annaly Capital Management Inc,24.114,n/a,n/a,n/a,n/a,https://www.nasdaq.com/symbol/nly^g,
NLY^H,Annaly Capital Management Inc,25.75,n/a,n/a,n/a,n/a,https://www.nasdaq.com/symbol/nly^h,
ANSS,"ANSYS, Inc.",159.09,$13.29B,1996,Technology,Computer Software: Prepackaged Software,https://www.nasdaq.com/symbol/anss,
ATRS,"Antares Pharma, Inc.",3.36,$529.34M,n/a,Health Care,Medical/Dental Instruments,https://www.nasdaq.com/symbol/atrs,
AMGP,Antero Midstream GP LP,15.19,$2.83B,2017,Public Utilities,Natural Gas Distribution,https://www.nasdaq.com/symbol/amgp,
AM,Antero Midstream Partners LP,28.2,$5.27B,2014,Public Utilities,Natural Gas Distribution,https://www.nasdaq.com/symbol/am,
AR,Antero Resources Corporation,15.91,$5.05B,2013,Energy,Oil & Gas Production,https://www.nasdaq.com/symbol/ar,
ANTM,"Anthem, Inc.",282.67,$73.11B,n/a,Health Care,Medical Specialities,https://www.nasdaq.com/symbol/antm,
ANH,Anworth Mortgage Asset  Corporation,4.38,$431.27M,n/a,Consumer Services,Real Estate Investment Trusts,https://www.nasdaq.com/symbol/anh,
ANH^A,Anworth Mortgage Asset  Corporation,25.7385,n/a,n/a,n/a,n/a,https://www.nasdaq.com/symbol/anh^a,
ANH^B,Anworth Mortgage Asset  Corporation,23.95,n/a,n/a,n/a,n/a,https://www.nasdaq.com/symbol/anh^b,
ANH^C,Anworth Mortgage Asset  Corporation,24.71,n/a,n/a,n/a,n/a,https://www.nasdaq.com/symbol/anh^c,
AON,Aon plc,162.89,$39.23B,n/a,Finance,Specialty Insurers,https://www.nasdaq.com/symbol/aon,
APA,Apache Corporation,36.05,$13.68B,n/a,Energy,Oil & Gas Production,https://www.nasdaq.com/symbol/apa,
AIV,Apartment Investment and Management Company,45.85,$7.14B,1994,Consumer Services,Real Estate Investment Trusts,https://www.nasdaq.com/symbol/aiv,
AIV^A,Apartment Investment and Management Company,25.735,n/a,n/a,n/a,n/a,https://www.nasdaq.com/symbol/aiv^a,
APLS,"Apellis Pharmaceuticals, Inc.",14.74,$828.07M,2017,Health Care,Major Pharmaceuticals,https://www.nasdaq.com/symbol/apls,
APY,Apergy Corporation,37.73,$2.92B,2018,Technology,Industrial Machinery/Components,https://www.nasdaq.com/symbol/apy,
APHA,Aphria Inc.,11.28,$2.82B,n/a,Capital Goods,Electrical Products,https://www.nasdaq.com/symbol/apha,
APOG,"Apogee Enterprises, Inc.",37.62,$1.06B,n/a,Capital Goods,Auto Parts:O.E.M.,https://www.nasdaq.com/symbol/apog,
ARI,Apollo Commercial Real Estate Finance,18.77,$2.51B,2009,Consumer Services,Real Estate Investment Trusts,https://www.nasdaq.com/symbol/ari,
ARI^C,Apollo Commercial Real Estate Finance,24.91,n/a,n/a,n/a,n/a,https://www.nasdaq.com/symbol/ari^c,
APEN,"Apollo Endosurgery, Inc.",3.95,$86.48M,n/a,Health Care,Medical/Dental Instruments,https://www.nasdaq.com/symbol/apen,
APO,"Apollo Global Management, LLC",29.45,$12.05B,2011,Finance,Investment Managers,https://www.nasdaq.com/symbol/apo,
APO^A,"Apollo Global Management, LLC",24.6121,n/a,n/a,n/a,n/a,https://www.nasdaq.com/symbol/apo^a,
APO^B,"Apollo Global Management, LLC",24.4,n/a,n/a,n/a,n/a,https://www.nasdaq.com/symbol/apo^b,
AINV,Apollo Investment Corporation,5.32,$1.13B,2004,n/a,n/a,https://www.nasdaq.com/symbol/ainv,
AIY,Apollo Investment Corporation,25.2492,n/a,2013,n/a,n/a,https://www.nasdaq.com/symbol/aiy,
AMEH,"Apollo Medical Holdings, Inc.",18.25,$611.78M,n/a,Consumer Services,Professional Services,https://www.nasdaq.com/symbol/ameh,
AFT,Apollo Senior Floating Rate Fund Inc.,15.45,$240.6M,2011,n/a,n/a,https://www.nasdaq.com/symbol/aft,
AIF,Apollo Tactical Income Fund Inc.,15.22,$220.14M,2013,n/a,n/a,https://www.nasdaq.com/symbol/aif,
APPF,"AppFolio, Inc.",57.97,$1.99B,2015,Technology,Computer Software: Prepackaged Software,https://www.nasdaq.com/symbol/appf,
APPN,Appian Corporation,26.46,$1.68B,2017,Technology,Computer Software: Prepackaged Software,https://www.nasdaq.com/symbol/appn,
APLE,"Apple Hospitality REIT, Inc.",16.05,$3.7B,2015,Consumer Services,Real Estate Investment Trusts,https://www.nasdaq.com/symbol/aple,
AAPL,Apple Inc.,194.17,$921.41B,1980,Technology,Computer Manufacturing,https://www.nasdaq.com/symbol/aapl,
ARCI,"Appliance Recycling Centers of America, Inc.",0.618,$5.24M,n/a,Consumer Services,Home Furnishings,https://www.nasdaq.com/symbol/arci,
APDN,Applied DNA Sciences Inc,1.1,$33.12M,n/a,Consumer Services,Other Consumer Services,https://www.nasdaq.com/symbol/apdn,
APDNW,Applied DNA Sciences Inc,0.1,n/a,n/a,Consumer Services,Other Consumer Services,https://www.nasdaq.com/symbol/apdnw,
AGTC,Applied Genetic Technologies Corporation,7.05,$127.84M,2014,Health Care,Biotechnology: Biological Products (No Diagnostic Substances),https://www.nasdaq.com/symbol/agtc,
AIT,"Applied Industrial Technologies, Inc.",66.09,$2.56B,n/a,Consumer Durables,Industrial Specialties,https://www.nasdaq.com/symbol/ait,
AMAT,"Applied Materials, Inc.",32.62,$32.07B,1972,Technology,Semiconductors,https://www.nasdaq.com/symbol/amat,
AAOI,"Applied Optoelectronics, Inc.",19.625,$388.55M,2013,Technology,Semiconductors,https://www.nasdaq.com/symbol/aaoi,
AREX,Approach Resources Inc.,1.52,$143.62M,2007,Energy,Oil & Gas Production,https://www.nasdaq.com/symbol/arex,
APTI,"Apptio, Inc.",37.65,$1.7B,2016,Technology,Computer Software: Prepackaged Software,https://www.nasdaq.com/symbol/apti,
APRI,"Apricus Biosciences, Inc.",0.33,$9.3M,n/a,Health Care,Major Pharmaceuticals,https://www.nasdaq.com/symbol/apri,
ATR,"AptarGroup, Inc.",101.77,$6.39B,n/a,Consumer Non-Durables,Plastic Products,https://www.nasdaq.com/symbol/atr,
APVO,Aptevo Therapeutics Inc.,3.26,$73.9M,n/a,Health Care,Major Pharmaceuticals,https://www.nasdaq.com/symbol/apvo,
APTX,Aptinyx Inc.,25.56,$856.16M,2018,Health Care,Major Pharmaceuticals,https://www.nasdaq.com/symbol/aptx,
APTV,Aptiv PLC,74.5,$19.63B,2011,Capital Goods,Auto Parts:O.E.M.,https://www.nasdaq.com/symbol/aptv,
APTO,"Aptose Biosciences, Inc.",2.075,$78.38M,n/a,Health Care,Biotechnology: Biological Products (No Diagnostic Substances),https://www.nasdaq.com/symbol/apto,
WTR,"Aqua America, Inc.",33.03,$5.88B,n/a,Public Utilities,Water Supply,https://www.nasdaq.com/symbol/wtr,
AQMS,"Aqua Metals, Inc.",2.45,$95.38M,2015,Basic Industries,Metal Fabrications,https://www.nasdaq.com/symbol/aqms,
AQB,"AquaBounty Technologies, Inc.",2.64,$39.86M,n/a,n/a,n/a,https://www.nasdaq.com/symbol/aqb,
AQ,Aquantia Corp.,9.96,$341.23M,2017,Technology,Semiconductors,https://www.nasdaq.com/symbol/aq,
WAAS,AquaVenture Holdings Limited,18.85,$503.88M,2016,Public Utilities,Water Supply,https://www.nasdaq.com/symbol/waas,
AQST,"Aquestive Therapeutics, Inc.",16.63,$414.51M,2018,Health Care,Major Pharmaceuticals,https://www.nasdaq.com/symbol/aqst,
AQXP,"Aquinox Pharmaceuticals, Inc.",2.26,$53.19M,2014,Health Care,Major Pharmaceuticals,https://www.nasdaq.com/symbol/aqxp,
ARDM,Aradigm Corporation,1.11,$16.87M,1996,Health Care,Biotechnology: Electromedical & Electrotherapeutic Apparatus,https://www.nasdaq.com/symbol/ardm,
ARMK,Aramark,34.59,$8.53B,2013,Consumer Services,Restaurants,https://www.nasdaq.com/symbol/armk,
PETX,"Aratana Therapeutics, Inc.",6.36,$309.25M,2013,Health Care,Major Pharmaceuticals,https://www.nasdaq.com/symbol/petx,
ARAV,"Aravive, Inc.",6.52,$6.56M,2014,Health Care,Major Pharmaceuticals,https://www.nasdaq.com/symbol/arav,
ABR,Arbor Realty Trust,12.47,$943.79M,2004,Consumer Services,Real Estate Investment Trusts,https://www.nasdaq.com/symbol/abr,
ABR^A,Arbor Realty Trust,25.74,n/a,n/a,n/a,n/a,https://www.nasdaq.com/symbol/abr^a,
ABR^B,Arbor Realty Trust,25.75,n/a,n/a,n/a,n/a,https://www.nasdaq.com/symbol/abr^b,
ABR^C,Arbor Realty Trust,25.6799,n/a,n/a,n/a,n/a,https://www.nasdaq.com/symbol/abr^c,
ABUS,Arbutus Biopharma Corporation,4.43,$245.76M,n/a,Health Care,Major Pharmaceuticals,https://www.nasdaq.com/symbol/abus,
ARC,"ARC Document Solutions, Inc.",2.74,$125.46M,2004,Consumer Services,Professional Services,https://www.nasdaq.com/symbol/arc,
ARCW,"ARC Group Worldwide, Inc.",1.75,$40.86M,n/a,Capital Goods,Metal Fabrications,https://www.nasdaq.com/symbol/arcw,
ABIO,"ARCA biopharma, Inc.",0.7103,$9.89M,n/a,Health Care,Biotechnology: In Vitro & In Vivo Diagnostic Substances,https://www.nasdaq.com/symbol/abio,
RKDA,"Arcadia Biosciences, Inc.",3.92,$18.72M,2015,Basic Industries,Agricultural Chemicals,https://www.nasdaq.com/symbol/rkda,
ARCB,ArcBest Corporation,39.85,$1.02B,n/a,Transportation,Trucking Freight/Courier Services,https://www.nasdaq.com/symbol/arcb,
MT,ArcelorMittal,24.36,$24.68B,n/a,Basic Industries,Steel/Iron Ore,https://www.nasdaq.com/symbol/mt,
ACGL,Arch Capital Group Ltd.,28.01,$11.36B,n/a,Finance,Property-Casualty Insurers,https://www.nasdaq.com/symbol/acgl,
ACGLO,Arch Capital Group Ltd.,22.56,n/a,n/a,Finance,Property-Casualty Insurers,https://www.nasdaq.com/symbol/acglo,
ACGLP,Arch Capital Group Ltd.,22.095,n/a,n/a,Finance,Property-Casualty Insurers,https://www.nasdaq.com/symbol/acglp,
ARCH,"Arch Coal, Inc.",94.62,$1.78B,2016,Energy,Coal Mining,https://www.nasdaq.com/symbol/arch,
ADM,Archer-Daniels-Midland Company,47.94,$26.88B,n/a,Consumer Non-Durables,Packaged Foods,https://www.nasdaq.com/symbol/adm,
AROC,"Archrock, Inc.",10.4,$1.35B,n/a,Public Utilities,Natural Gas Distribution,https://www.nasdaq.com/symbol/aroc,
FUV,"Arcimoto, Inc.",2.89,$46.22M,2017,Consumer Non-Durables,Motor Vehicles,https://www.nasdaq.com/symbol/fuv,
ARCE,Arco Platform Limited,22.03,n/a,2018,Consumer Services,Other Consumer Services,https://www.nasdaq.com/symbol/arce,
ARNC^,Arconic Inc.,84.5,n/a,n/a,n/a,n/a,https://www.nasdaq.com/symbol/arnc^,
ARNC,Arconic Inc.,20.08,$9.7B,n/a,Capital Goods,Metal Fabrications,https://www.nasdaq.com/symbol/arnc,
ARCO,Arcos Dorados Holdings Inc.,7.05,$1.47B,2011,Consumer Services,Restaurants,https://www.nasdaq.com/symbol/arco,
ACA,"Arcosa, Inc.",30.31,n/a,2018,Capital Goods,Industrial Machinery/Components,https://www.nasdaq.com/symbol/aca,
ARCT,Arcturus Therapeutics Ltd.,6.88,$73.74M,2013,n/a,n/a,https://www.nasdaq.com/symbol/arct,
RCUS,"Arcus Biosciences, Inc.",12,$533.48M,2018,Health Care,Major Pharmaceuticals,https://www.nasdaq.com/symbol/rcus,
ARD,Ardagh Group S.A.,12.79,$3.02B,2017,Consumer Durables,Containers/Packaging,https://www.nasdaq.com/symbol/ard,
ARDX,"Ardelyx, Inc.",2.95,$183.3M,2014,Health Care,Major Pharmaceuticals,https://www.nasdaq.com/symbol/ardx,
ASC,Ardmore Shipping Corporation,6.9,$228.38M,2013,Transportation,Marine Transportation,https://www.nasdaq.com/symbol/asc,
ARNA,"Arena Pharmaceuticals, Inc.",34.07,$1.68B,2000,Health Care,Major Pharmaceuticals,https://www.nasdaq.com/symbol/arna,
AFC,Ares Capital Corporation,25.49,$203.92M,n/a,n/a,n/a,https://www.nasdaq.com/symbol/afc,
ARCC,Ares Capital Corporation,17.3,$7.37B,2004,n/a,n/a,https://www.nasdaq.com/symbol/arcc,
ACRE,Ares Commercial Real Estate Corporation,14.54,$417.28M,2012,Consumer Services,Real Estate Investment Trusts,https://www.nasdaq.com/symbol/acre,
ARDC,"Ares Dynamic Credit Allocation Fund, Inc.",15.17,$348.34M,2012,n/a,n/a,https://www.nasdaq.com/symbol/ardc,
ARES,Ares Management L.P.,21.73,$4.75B,2014,Finance,Investment Managers,https://www.nasdaq.com/symbol/ares,
ARES^A,Ares Management L.P.,26.23,n/a,n/a,n/a,n/a,https://www.nasdaq.com/symbol/ares^a,
AGX,"Argan, Inc.",43.25,$673.35M,n/a,Basic Industries,Engineering & Construction,https://www.nasdaq.com/symbol/agx,
ARGX,argenx SE,92.66,$3.33B,2017,Health Care,Biotechnology: Biological Products (No Diagnostic Substances),https://www.nasdaq.com/symbol/argx,
ARGD,"Argo Group International Holdings, Ltd.",25.24,n/a,n/a,Finance,Specialty Insurers,https://www.nasdaq.com/symbol/argd,
ARGO,"Argo Group International Holdings, Ltd.",65.7,$2.23B,n/a,Finance,Specialty Insurers,https://www.nasdaq.com/symbol/argo,
ARDS,Aridis Pharmaceuticals Inc.,12.15,n/a,2018,Health Care,Major Pharmaceuticals,https://www.nasdaq.com/symbol/ards,
ANET,"Arista Networks, Inc.",236.62,$17.85B,2014,Technology,Computer Communications Equipment,https://www.nasdaq.com/symbol/anet,
ARKR,Ark Restaurants Corp.,23,$79.81M,n/a,Consumer Services,Restaurants,https://www.nasdaq.com/symbol/arkr,
AI,Arlington Asset Investment Corp,8.44,$256.12M,n/a,Finance,Finance/Investors Services,https://www.nasdaq.com/symbol/ai,
AI^B,Arlington Asset Investment Corp,24.49,n/a,n/a,n/a,n/a,https://www.nasdaq.com/symbol/ai^b,
AIC,Arlington Asset Investment Corp,23.7125,n/a,2015,Finance,Finance/Investors Services,https://www.nasdaq.com/symbol/aic,
AIW,Arlington Asset Investment Corp,23.98,n/a,n/a,Finance,Finance/Investors Services,https://www.nasdaq.com/symbol/aiw,
ARLO,"Arlo Technologies, Inc.",12.99,$964.47M,2018,Consumer Non-Durables,Consumer Electronics/Appliances,https://www.nasdaq.com/symbol/arlo,
AHH,"Armada Hoffler Properties, Inc.",15.32,$749.02M,2013,Finance,Real Estate,https://www.nasdaq.com/symbol/ahh,
ARR,"ARMOUR Residential REIT, Inc.",22.47,$951.28M,n/a,Consumer Services,Real Estate Investment Trusts,https://www.nasdaq.com/symbol/arr,
ARR^A,"ARMOUR Residential REIT, Inc.",25.5993,n/a,n/a,n/a,n/a,https://www.nasdaq.com/symbol/arr^a,
ARR^B,"ARMOUR Residential REIT, Inc.",25.06,n/a,n/a,n/a,n/a,https://www.nasdaq.com/symbol/arr^b,
AFI,"Armstrong Flooring, Inc.",15.53,$401.1M,2016,Consumer Non-Durables,Plastic Products,https://www.nasdaq.com/symbol/afi,
AWI,Armstrong World Industries Inc,67.1,$3.33B,n/a,Consumer Non-Durables,Plastic Products,https://www.nasdaq.com/symbol/awi,
ARTX,Arotech Corporation,2.8,$74.16M,1994,Miscellaneous,Industrial Machinery/Components,https://www.nasdaq.com/symbol/artx,
ARQL,"ArQule, Inc.",3.98,$433.79M,1996,Health Care,Major Pharmaceuticals,https://www.nasdaq.com/symbol/arql,
ARRY,Array BioPharma Inc.,15.1,$3.22B,2000,Health Care,Major Pharmaceuticals,https://www.nasdaq.com/symbol/arry,
ARRS,ARRIS International plc,30.78,$5.35B,n/a,Technology,Radio And Television Broadcasting And Communications Equipment,https://www.nasdaq.com/symbol/arrs,
DWCR,Arrow DWA Country Rotation ETF,26.57,$17.27M,n/a,n/a,n/a,https://www.nasdaq.com/symbol/dwcr,
DWAT,Arrow DWA Tactical ETF,11.415,$5.71M,n/a,n/a,n/a,https://www.nasdaq.com/symbol/dwat,
ARW,"Arrow Electronics, Inc.",72.88,$6.35B,n/a,Consumer Non-Durables,Electronic Components,https://www.nasdaq.com/symbol/arw,
AROW,Arrow Financial Corporation,34.65,$500.22M,n/a,Finance,Major Banks,https://www.nasdaq.com/symbol/arow,
ARWR,"Arrowhead Pharmaceuticals, Inc.",12.83,$1.13B,n/a,Health Care,Major Pharmaceuticals,https://www.nasdaq.com/symbol/arwr,
ASNS,"Arsanis, Inc.",1.34,$19.18M,2017,Health Care,Biotechnology: Biological Products (No Diagnostic Substances),https://www.nasdaq.com/symbol/asns,
ARTNA,Artesian Resources Corporation,36.84,$340.46M,n/a,Public Utilities,Water Supply,https://www.nasdaq.com/symbol/artna,
AJG,Arthur J. Gallagher & Co.,77.66,$14.26B,n/a,Finance,Specialty Insurers,https://www.nasdaq.com/symbol/ajg,
APAM,Artisan Partners Asset Management Inc.,26.69,$2.05B,2013,Finance,Investment Managers,https://www.nasdaq.com/symbol/apam,
ARTW,"Art&#39;s-Way Manufacturing Co., Inc.",2.1556,$9.05M,n/a,Capital Goods,Industrial Machinery/Components,https://www.nasdaq.com/symbol/artw,
ARVN,"Arvinas, Inc.",16.26,n/a,2018,Health Care,Major Pharmaceuticals,https://www.nasdaq.com/symbol/arvn,
ARYA,ARYA Sciences Acquisition Corp.,n/a,n/a,2018,Finance,Business Services,https://www.nasdaq.com/symbol/arya,
ARYAU,ARYA Sciences Acquisition Corp.,10.3,n/a,2018,Finance,Business Services,https://www.nasdaq.com/symbol/aryau,
ARYAW,ARYA Sciences Acquisition Corp.,n/a,n/a,2018,Finance,Business Services,https://www.nasdaq.com/symbol/aryaw,
ASA,ASA Gold and Precious Metals Limited,8.48,$163.58M,n/a,n/a,n/a,https://www.nasdaq.com/symbol/asa,
AKG,Asanko Gold Inc.,0.6952,$156.98M,n/a,Basic Industries,Mining & Quarrying of Nonmetallic Minerals (No Fuels),https://www.nasdaq.com/symbol/akg,
ABG,Asbury Automotive Group Inc,67.93,$1.33B,2002,Consumer Durables,Automotive Aftermarket,https://www.nasdaq.com/symbol/abg,
ASNA,"Ascena Retail Group, Inc.",4.18,$825.06M,n/a,Consumer Services,Clothing/Shoe/Accessory Stores,https://www.nasdaq.com/symbol/asna,
ASND,Ascendis Pharma A/S,60.25,$2.53B,2015,Health Care,Major Pharmaceuticals,https://www.nasdaq.com/symbol/asnd,
ASCMA,"Ascent Capital Group, Inc.",1.01,$12.57M,n/a,Consumer Services,Other Consumer Services,https://www.nasdaq.com/symbol/ascma,
ASX,"ASE Technology Holding Co., Ltd.",3.85,$8.04B,2018,Technology,Semiconductors,https://www.nasdaq.com/symbol/asx,
ASGN,ASGN Incorporated,68.24,$3.57B,1992,Technology,Professional Services,https://www.nasdaq.com/symbol/asgn,
AHT,Ashford Hospitality Trust Inc,5.05,$510.24M,2003,Consumer Services,Real Estate Investment Trusts,https://www.nasdaq.com/symbol/aht,
AHT^D,Ashford Hospitality Trust Inc,25.28,n/a,n/a,n/a,n/a,https://www.nasdaq.com/symbol/aht^d,
AHT^F,Ashford Hospitality Trust Inc,22.5652,n/a,n/a,n/a,n/a,https://www.nasdaq.com/symbol/aht^f,
AHT^G,Ashford Hospitality Trust Inc,22.2428,n/a,n/a,n/a,n/a,https://www.nasdaq.com/symbol/aht^g,
AHT^H,Ashford Hospitality Trust Inc,22.75,n/a,n/a,n/a,n/a,https://www.nasdaq.com/symbol/aht^h,
AHT^I,Ashford Hospitality Trust Inc,22.54,n/a,n/a,n/a,n/a,https://www.nasdaq.com/symbol/aht^i,
AINC,Ashford Inc.,60.67,$127.98M,2014,Consumer Services,Professional Services,https://www.nasdaq.com/symbol/ainc,
ASH,Ashland Global Holdings Inc.,82.24,$5.13B,n/a,Consumer Durables,Specialty Chemicals,https://www.nasdaq.com/symbol/ash,
APB,"Asia Pacific Fund, Inc. (The)",12.29,$127.13M,n/a,n/a,n/a,https://www.nasdaq.com/symbol/apb,
APWC,Asia Pacific Wire & Cable Corporation Limited,2.29,$31.65M,n/a,Basic Industries,Telecommunications Equipment,https://www.nasdaq.com/symbol/apwc,
ASLN,ASLAN Pharmaceuticals Limited,5.6,$179.34M,2018,Health Care,Major Pharmaceuticals,https://www.nasdaq.com/symbol/asln,
ASML,ASML Holding N.V.,169,$72.09B,1995,Technology,Industrial Machinery/Components,https://www.nasdaq.com/symbol/asml,
ASPN,"Aspen Aerogels, Inc.",3.99,$95.64M,2014,Consumer Services,RETAIL: Building Materials,https://www.nasdaq.com/symbol/aspn,
ASPU,Aspen Group Inc.,5.22,$95.61M,n/a,Consumer Services,Other Consumer Services,https://www.nasdaq.com/symbol/aspu,
AHL,Aspen Insurance Holdings Limited,41.47,$2.48B,2003,Finance,Property-Casualty Insurers,https://www.nasdaq.com/symbol/ahl,
AHL^C,Aspen Insurance Holdings Limited,24.96,n/a,n/a,n/a,n/a,https://www.nasdaq.com/symbol/ahl^c,
AHL^D,Aspen Insurance Holdings Limited,22.7502,n/a,n/a,n/a,n/a,https://www.nasdaq.com/symbol/ahl^d,
AZPN,"Aspen Technology, Inc.",81.67,$5.78B,1994,Technology,EDP Services,https://www.nasdaq.com/symbol/azpn,
ASMB,"Assembly Biosciences, Inc.",22.825,$581.2M,n/a,Health Care,Major Pharmaceuticals,https://www.nasdaq.com/symbol/asmb,
ASRT,"Assertio Therapeutics, Inc.",5.38,$343.87M,n/a,Health Care,Major Pharmaceuticals,https://www.nasdaq.com/symbol/asrt,
ASB,Associated Banc-Corp,23.32,$3.87B,n/a,Finance,Major Banks,https://www.nasdaq.com/symbol/asb,
ASB.WS,Associated Banc-Corp,n/a,n/a,n/a,n/a,n/a,https://www.nasdaq.com/symbol/asb.ws,
ASB^C,Associated Banc-Corp,25.6532,n/a,n/a,n/a,n/a,https://www.nasdaq.com/symbol/asb^c,
ASB^D,Associated Banc-Corp,22.98,n/a,n/a,n/a,n/a,https://www.nasdaq.com/symbol/asb^d,
ASB^E,Associated Banc-Corp,24.15,n/a,n/a,n/a,n/a,https://www.nasdaq.com/symbol/asb^e,
AC,"Associated Capital Group, Inc.",46.33,$1.07B,2015,Finance,Investment Bankers/Brokers/Service,https://www.nasdaq.com/symbol/ac,
AIZ,"Assurant, Inc.",103.73,$6.44B,2004,Finance,Accident &Health Insurance,https://www.nasdaq.com/symbol/aiz,
AIZP,"Assurant, Inc.",111.3,n/a,n/a,Finance,Accident &Health Insurance,https://www.nasdaq.com/symbol/aizp,
AGO,Assured Guaranty Ltd.,38.93,$4.15B,2004,Finance,Property-Casualty Insurers,https://www.nasdaq.com/symbol/ago,
AGO^B,Assured Guaranty Ltd.,25.85,n/a,n/a,n/a,n/a,https://www.nasdaq.com/symbol/ago^b,
AGO^E,Assured Guaranty Ltd.,25.0667,n/a,n/a,n/a,n/a,https://www.nasdaq.com/symbol/ago^e,
AGO^F,Assured Guaranty Ltd.,24.7658,n/a,n/a,n/a,n/a,https://www.nasdaq.com/symbol/ago^f,
ASFI,"Asta Funding, Inc.",3.86,$25.81M,1995,Finance,Finance Companies,https://www.nasdaq.com/symbol/asfi,
ASTE,"Astec Industries, Inc.",35.01,$798.14M,1986,Capital Goods,Construction/Ag Equipment/Trucks,https://www.nasdaq.com/symbol/aste,
AST,"Asterias Biotherapeutics, Inc.",1.25,$69.39M,n/a,Health Care,Biotechnology: Biological Products (No Diagnostic Substances),https://www.nasdaq.com/symbol/ast,
AZN,Astrazeneca PLC,40.91,$103.65B,n/a,Health Care,Major Pharmaceuticals,https://www.nasdaq.com/symbol/azn,
ATRO,Astronics Corporation,28.63,$925.23M,n/a,Capital Goods,Military/Government/Technical,https://www.nasdaq.com/symbol/atro,
ALOT,"AstroNova, Inc.",18.92,$129.76M,1983,Technology,Computer peripheral equipment,https://www.nasdaq.com/symbol/alot,
ASTC,Astrotech Corporation,3.14,$14.15M,n/a,Capital Goods,Biotechnology: Laboratory Analytical Instruments,https://www.nasdaq.com/symbol/astc,
ASUR,Asure Software Inc,7.115,$108.31M,n/a,Technology,EDP Services,https://www.nasdaq.com/symbol/asur,
ASV,"ASV Holdings, Inc.",3.07,$30.19M,2017,Capital Goods,Construction/Ag Equipment/Trucks,https://www.nasdaq.com/symbol/asv,
HOME,At Home Group Inc.,27.64,$1.75B,2016,Consumer Services,Home Furnishings,https://www.nasdaq.com/symbol/home,
T,AT&T Inc.,30.78,$224.02B,n/a,Public Utilities,Telecommunications Equipment,https://www.nasdaq.com/symbol/t,
TBB,AT&T Inc.,23.95,n/a,2017,Public Utilities,Telecommunications Equipment,https://www.nasdaq.com/symbol/tbb,
TBC,AT&T Inc.,24.12,n/a,2018,Public Utilities,Telecommunications Equipment,https://www.nasdaq.com/symbol/tbc,
ATAI,ATA Inc.,1.04,$25.18M,2008,Consumer Services,Other Consumer Services,https://www.nasdaq.com/symbol/atai,
ATRA,"Atara Biotherapeutics, Inc.",33.78,$1.54B,2014,Health Care,Biotechnology: Biological Products (No Diagnostic Substances),https://www.nasdaq.com/symbol/atra,
ATTO,Atento S.A.,5.95,$439.76M,2014,Public Utilities,Telecommunications Equipment,https://www.nasdaq.com/symbol/atto,
ATHN,"athenahealth, Inc.",131.97,$5.35B,2007,Miscellaneous,Business Services,https://www.nasdaq.com/symbol/athn,
ATH,Athene Holding Ltd.,46.87,$9.36B,2016,Finance,Life Insurance,https://www.nasdaq.com/symbol/ath,
ATNX,"Athenex, Inc.",11.65,$772.9M,2017,Health Care,Major Pharmaceuticals,https://www.nasdaq.com/symbol/atnx,
ATHX,"Athersys, Inc.",1.9,$269.32M,n/a,Health Care,Major Pharmaceuticals,https://www.nasdaq.com/symbol/athx,
ATKR,Atkore International Group Inc.,19.36,$891.28M,2016,Miscellaneous,Industrial Machinery/Components,https://www.nasdaq.com/symbol/atkr,
AAME,Atlantic American Corporation,3.42,$69.25M,n/a,Finance,Life Insurance,https://www.nasdaq.com/symbol/aame,
ACBI,"Atlantic Capital Bancshares, Inc.",15.7,$409.83M,n/a,Finance,Major Banks,https://www.nasdaq.com/symbol/acbi,
AT,Atlantic Power Corporation,2.14,$235.39M,n/a,Energy,Electric Utilities: Central,https://www.nasdaq.com/symbol/at,
AY,Atlantica Yield plc,20.48,$2.05B,2014,Public Utilities,Electric Utilities: Central,https://www.nasdaq.com/symbol/ay,
ATLC,Atlanticus Holdings Corporation,3.46,$53.98M,1995,Finance,Finance: Consumer Services,https://www.nasdaq.com/symbol/atlc,
AAWW,Atlas Air Worldwide Holdings,53.26,$1.36B,n/a,Transportation,Transportation Services,https://www.nasdaq.com/symbol/aaww,
AFH,"Atlas Financial Holdings, Inc.",10.77,$128.56M,2013,Finance,Property-Casualty Insurers,https://www.nasdaq.com/symbol/afh,
AFHBL,"Atlas Financial Holdings, Inc.",25.3172,n/a,n/a,Finance,Property-Casualty Insurers,https://www.nasdaq.com/symbol/afhbl,
TEAM,Atlassian Corporation Plc,70.8,$16.86B,2015,Technology,Computer Software: Prepackaged Software,https://www.nasdaq.com/symbol/team,
ATO,Atmos Energy Corporation,96.67,$10.75B,n/a,Public Utilities,Oil/Gas Transmission,https://www.nasdaq.com/symbol/ato,
ATNI,"ATN International, Inc.",83.84,$1.34B,n/a,Public Utilities,Telecommunications Equipment,https://www.nasdaq.com/symbol/atni,
ATOM,Atomera Incorporated,3.6,$44.67M,2016,Technology,Semiconductors,https://www.nasdaq.com/symbol/atom,
ATOS,Atossa Genetics Inc.,1.2,$6.6M,2012,Health Care,Major Pharmaceuticals,https://www.nasdaq.com/symbol/atos,
ATRC,"AtriCure, Inc.",30.94,$1.19B,2005,Health Care,Medical/Dental Instruments,https://www.nasdaq.com/symbol/atrc,
ATRI,Atrion Corporation,717,$1.33B,n/a,Health Care,Medical/Dental Instruments,https://www.nasdaq.com/symbol/atri,
ATIS,Attis Industries Inc.,0.23,$4.97M,n/a,Basic Industries,Miscellaneous,https://www.nasdaq.com/symbol/atis,
ATISW,Attis Industries Inc.,0.06,n/a,n/a,Basic Industries,Miscellaneous,https://www.nasdaq.com/symbol/atisw,
ATTU,Attunity Ltd.,21.88,$466.85M,n/a,Technology,Computer Software: Prepackaged Software,https://www.nasdaq.com/symbol/attu,
LIFE,"aTyr Pharma, Inc.",0.61,$18.21M,2015,Health Care,Biotechnology: Biological Products (No Diagnostic Substances),https://www.nasdaq.com/symbol/life,
AUO,AU Optronics Corp,3.93,$3.78B,2002,Technology,Semiconductors,https://www.nasdaq.com/symbol/auo,
AUBN,"Auburn National Bancorporation, Inc.",36.51,$133.04M,n/a,Finance,Major Banks,https://www.nasdaq.com/symbol/aubn,
BOLD,"Audentes Therapeutics, Inc.",23.6,$1.01B,2016,Health Care,Biotechnology: Biological Products (No Diagnostic Substances),https://www.nasdaq.com/symbol/bold,
AUDC,AudioCodes Ltd.,11.28,$325.05M,1999,Public Utilities,Telecommunications Equipment,https://www.nasdaq.com/symbol/audc,
AEYE,"AudioEye, Inc.",5.67,$42.41M,n/a,Technology,Computer Software: Prepackaged Software,https://www.nasdaq.com/symbol/aeye,
AUPH,Aurinia Pharmaceuticals Inc,5.33,$454.77M,n/a,Health Care,Major Pharmaceuticals,https://www.nasdaq.com/symbol/auph,
EARS,Auris Medical Holding AG,0.6688,$19.8M,2014,Health Care,Major Pharmaceuticals,https://www.nasdaq.com/symbol/ears,
ACB,Aurora Cannabis Inc.,6.96,$6.67B,n/a,Consumer Durables,Specialty Chemicals,https://www.nasdaq.com/symbol/acb,
JG,Aurora Mobile Limited,6.24,$735.08M,2018,Technology,"Computer Software: Programming, Data Processing",https://www.nasdaq.com/symbol/jg,
AUG,Auryn Resources Inc.,1.08,$97.46M,n/a,Basic Industries,Precious Metals,https://www.nasdaq.com/symbol/aug,
ADSK,"Autodesk, Inc.",130.11,$28.44B,n/a,Technology,Computer Software: Prepackaged Software,https://www.nasdaq.com/symbol/adsk,
ATHM,Autohome Inc.,64.46,$7.55B,2013,Technology,EDP Services,https://www.nasdaq.com/symbol/athm,
ALV,"Autoliv, Inc.",80.93,$7.05B,n/a,Capital Goods,Auto Parts:O.E.M.,https://www.nasdaq.com/symbol/alv,
AUTL,Autolus Therapeutics plc,35.5,$1.43B,2018,Health Care,Biotechnology: Biological Products (No Diagnostic Substances),https://www.nasdaq.com/symbol/autl,
ADP,"Automatic Data Processing, Inc.",144.17,$63.11B,n/a,Technology,EDP Services,https://www.nasdaq.com/symbol/adp,
AN,"AutoNation, Inc.",39.41,$3.54B,n/a,Consumer Durables,Automotive Aftermarket,https://www.nasdaq.com/symbol/an,
AUTO,"AutoWeb, Inc.",2.16,$27.97M,n/a,Technology,"Computer Software: Programming, Data Processing",https://www.nasdaq.com/symbol/auto,
AZO,"AutoZone, Inc.",792.6,$20.26B,n/a,Consumer Services,Other Specialty Stores,https://www.nasdaq.com/symbol/azo,
AVDL,Avadel Pharmaceuticals plc,3.49,$129.17M,n/a,Health Care,Major Pharmaceuticals,https://www.nasdaq.com/symbol/avdl,
AVLR,"Avalara, Inc.",30.99,$2.06B,2018,Technology,Computer Software: Prepackaged Software,https://www.nasdaq.com/symbol/avlr,
AVCO,Avalon GloboCare Corp.,2.79,$205.23M,n/a,Consumer Services,Professional Services,https://www.nasdaq.com/symbol/avco,
AWX,Avalon Holdings Corporation,3.32,$12.63M,n/a,Public Utilities,Environmental Services,https://www.nasdaq.com/symbol/awx,
AVB,"AvalonBay Communities, Inc.",184.25,$25.47B,n/a,Consumer Services,Real Estate Investment Trusts,https://www.nasdaq.com/symbol/avb,
AGR,"Avangrid, Inc.",49.15,$15.19B,2015,Public Utilities,Electric Utilities: Central,https://www.nasdaq.com/symbol/agr,
AVNS,"Avanos Medical, Inc.",49.56,$2.35B,2014,Health Care,Industrial Specialties,https://www.nasdaq.com/symbol/avns,
AVYA,Avaya Holdings Corp.,15.92,$1.75B,n/a,Public Utilities,Telecommunications Equipment,https://www.nasdaq.com/symbol/avya,
ATXI,"Avenue Therapeutics, Inc.",4.16,$43.91M,2017,Health Care,Major Pharmaceuticals,https://www.nasdaq.com/symbol/atxi,
AVEO,"AVEO Pharmaceuticals, Inc.",1.8,$214.25M,2010,Health Care,Major Pharmaceuticals,https://www.nasdaq.com/symbol/aveo,
AVY,Avery Dennison Corporation,91.45,$7.93B,n/a,Consumer Durables,Containers/Packaging,https://www.nasdaq.com/symbol/avy,
AVH,Avianca Holdings S.A.,5.2,$648.04M,2013,Transportation,Air Freight/Delivery Services,https://www.nasdaq.com/symbol/avh,
AVNW,"Aviat Networks, Inc.",15.1,$81.1M,n/a,Technology,Radio And Television Broadcasting And Communications Equipment,https://www.nasdaq.com/symbol/avnw,
CDMO,"Avid Bioservices, Inc.",4.94,$276.65M,n/a,Health Care,Major Pharmaceuticals,https://www.nasdaq.com/symbol/cdmo,
CDMOP,"Avid Bioservices, Inc.",25.24,$17.67M,n/a,Health Care,Major Pharmaceuticals,https://www.nasdaq.com/symbol/cdmop,
AVID,"Avid Technology, Inc.",5.6,$234.37M,1993,Technology,Computer Software: Prepackaged Software,https://www.nasdaq.com/symbol/avid,
AVGR,"Avinger, Inc.",0.303,$5.71M,2015,Health Care,Medical/Dental Instruments,https://www.nasdaq.com/symbol/avgr,
ASM,Avino Silver,0.5799,$36.73M,n/a,Basic Industries,Precious Metals,https://www.nasdaq.com/symbol/asm,
CAR,"Avis Budget Group, Inc.",31.4,$2.43B,n/a,Consumer Services,Rental/Leasing Companies,https://www.nasdaq.com/symbol/car,
AVA,Avista Corporation,52.4,$3.44B,n/a,Public Utilities,Power Generation,https://www.nasdaq.com/symbol/ava,
AHPA,Avista Healthcare Public Acquisition Corp.,10.15,$121.81M,2016,Health Care,Major Pharmaceuticals,https://www.nasdaq.com/symbol/ahpa,
AHPAU,Avista Healthcare Public Acquisition Corp.,10.36,n/a,2016,Health Care,Major Pharmaceuticals,https://www.nasdaq.com/symbol/ahpau,
AHPAW,Avista Healthcare Public Acquisition Corp.,0.21,n/a,2016,Health Care,Major Pharmaceuticals,https://www.nasdaq.com/symbol/ahpaw,
AVT,"Avnet, Inc.",42.76,$4.76B,n/a,Consumer Non-Durables,Electronic Components,https://www.nasdaq.com/symbol/avt,
AVP,"Avon Products, Inc.",2.01,$889.14M,n/a,Consumer Non-Durables,Package Goods/Cosmetics,https://www.nasdaq.com/symbol/avp,
AVRO,"AVROBIO, Inc.",28.32,$677.89M,2018,Health Care,Biotechnology: Biological Products (No Diagnostic Substances),https://www.nasdaq.com/symbol/avro,
AVX,AVX Corporation,16.12,$2.72B,n/a,Capital Goods,Electrical Products,https://www.nasdaq.com/symbol/avx,
AWRE,"Aware, Inc.",3.75,$80.79M,1996,Technology,Computer Software: Prepackaged Software,https://www.nasdaq.com/symbol/awre,
EQH,"AXA Equitable Holdings, Inc.",21.08,$11.77B,2018,Finance,Specialty Insurers,https://www.nasdaq.com/symbol/eqh,
AXTA,Axalta Coating Systems Ltd.,24.92,$5.95B,2014,Basic Industries,Paints/Coatings,https://www.nasdaq.com/symbol/axta,
ACLS,"Axcelis Technologies, Inc.",16.2,$525.08M,2000,Technology,Industrial Machinery/Components,https://www.nasdaq.com/symbol/acls,
AXS,Axis Capital Holdings Limited,55.8,$4.66B,2003,Finance,Property-Casualty Insurers,https://www.nasdaq.com/symbol/axs,
AXS^D,Axis Capital Holdings Limited,23.237,n/a,n/a,n/a,n/a,https://www.nasdaq.com/symbol/axs^d,
AXS^E,Axis Capital Holdings Limited,23.0501,n/a,n/a,n/a,n/a,https://www.nasdaq.com/symbol/axs^e,
AXGN,"AxoGen, Inc.",33.66,$1.3B,n/a,Health Care,Biotechnology: Electromedical & Electrotherapeutic Apparatus,https://www.nasdaq.com/symbol/axgn,
AAXN,"Axon Enterprise, Inc.",50,$2.92B,n/a,Capital Goods,Ordnance And Accessories,https://www.nasdaq.com/symbol/aaxn,
AXNX,"Axonics Modulation Technologies, Inc.",15.01,n/a,2018,Health Care,Medical/Dental Instruments,https://www.nasdaq.com/symbol/axnx,
AX,"Axos Financial, Inc.",29.04,$1.82B,n/a,Finance,Savings Institutions,https://www.nasdaq.com/symbol/ax,
AXO,"Axos Financial, Inc.",25.12,n/a,n/a,Finance,Savings Institutions,https://www.nasdaq.com/symbol/axo,
AXON          ,Axovant Sciences Ltd.,1.95,$238.44M,n/a,Health Care,Major Pharmaceuticals,https://www.nasdaq.com/symbol/axon,
AXSM,"Axsome Therapeutics, Inc.",3.3,$86.63M,2015,Health Care,Major Pharmaceuticals,https://www.nasdaq.com/symbol/axsm,
AXTI,AXT Inc,5.5,$217.46M,1998,Technology,Semiconductors,https://www.nasdaq.com/symbol/axti,
AYTU,"Aytu BioScience, Inc.",0.9374,$8.09M,n/a,Health Care,Major Pharmaceuticals,https://www.nasdaq.com/symbol/aytu,
AZUL,Azul S.A.,25.8,$2.91B,2017,Transportation,Air Freight/Delivery Services,https://www.nasdaq.com/symbol/azul,
AZRE,Azure Power Global Limited,11.34,$295.11M,2016,Public Utilities,Electric Utilities: Central,https://www.nasdaq.com/symbol/azre,
AZRX,"AzurRx BioPharma, Inc.",2.26,$38.22M,2016,Health Care,Major Pharmaceuticals,https://www.nasdaq.com/symbol/azrx,
AZZ,AZZ Inc.,46.81,$1.22B,n/a,Consumer Durables,Building Products,https://www.nasdaq.com/symbol/azz,